Laser delay,Gate width,Counts
14.0,0.0,-3637.0
14.0,-0.09999999999999964,-3797.0
14.0,3.0,58619.0
14.0,2.9000000000000004,50041.0
14.0,2.8,43018.0
14.0,2.7,37947.0
14.0,2.5999999999999996,33190.0
14.0,2.5,28101.0
14.0,2.4000000000000004,24545.0
14.0,2.3,21477.0
14.0,2.2,18393.0
14.0,2.0999999999999996,15940.0
14.0,2.0,13121.0
14.0,1.9000000000000004,11243.0
14.0,1.8000000000000007,9000.0
14.0,1.6999999999999993,7039.0
14.0,1.5999999999999996,5333.0
14.0,1.5,4027.0
14.0,1.4000000000000004,2817.0
14.0,1.3000000000000007,1859.0
14.0,1.1999999999999993,953.0
14.0,1.0999999999999996,157.0
14.0,1.0,-367.0
14.0,0.9000000000000004,-916.0
14.0,0.8000000000000007,-1385.0
14.0,0.6999999999999993,-1720.0
14.0,0.5999999999999996,-2250.0
14.0,0.5,-2617.0
14.0,0.40000000000000036,-2782.0
14.0,0.3000000000000007,-3177.0
14.0,0.1999999999999993,166.0
14.0,0.09999999999999964,-3578.0
14.05,0.0,-3471.0
14.05,-0.09999999999999964,-3864.0
14.05,3.0,62806.0
14.05,2.9000000000000004,53530.0
14.05,2.8,47147.0
14.05,2.7,38601.0
14.05,2.5999999999999996,35740.0
14.05,2.5,30214.0
14.05,2.4000000000000004,26373.0
14.05,2.3,22600.0
14.05,2.2,19758.0
14.05,2.0999999999999996,17117.0
14.05,2.0,14471.0
14.05,1.9000000000000004,11936.0
14.05,1.8000000000000007,9736.0
14.05,1.6999999999999993,7619.0
14.05,1.5999999999999996,5947.0
14.05,1.5,4282.0
14.05,1.4000000000000004,3033.0
14.05,1.3000000000000007,1914.0
14.05,1.1999999999999993,1089.0
14.05,1.0999999999999996,300.0
14.05,1.0,-261.0
14.05,0.9000000000000004,-855.0
14.05,0.8000000000000007,-1181.0
14.05,0.6999999999999993,-1741.0
14.05,0.5999999999999996,-2105.0
14.05,0.5,-2477.0
14.05,0.40000000000000036,-2798.0
14.05,0.3000000000000007,-3169.0
14.05,0.1999999999999993,-3264.0
14.05,0.09999999999999964,-3509.0
14.1,0.0,-3665.0
14.1,-0.09999999999999964,-3878.0
14.1,3.0,67344.0
14.1,2.9000000000000004,57688.0
14.1,2.8,50578.0
14.1,2.7,44375.0
14.1,2.5999999999999996,38626.0
14.1,2.5,32795.0
14.1,2.4000000000000004,28254.0
14.1,2.3,24597.0
14.1,2.2,21372.0
14.1,2.0999999999999996,18049.0
14.1,2.0,15522.0
14.1,1.9000000000000004,12936.0
14.1,1.8000000000000007,10349.0
14.1,1.6999999999999993,8315.0
14.1,1.5999999999999996,6466.0
14.1,1.5,4750.0
14.1,1.4000000000000004,3340.0
14.1,1.3000000000000007,2098.0
14.1,1.1999999999999993,1210.0
14.1,1.0999999999999996,597.0
14.1,1.0,7.0
14.1,0.9000000000000004,-697.0
14.1,0.8000000000000007,-1250.0
14.1,0.6999999999999993,-1551.0
14.1,0.5999999999999996,-2019.0
14.1,0.5,-2333.0
14.1,0.40000000000000036,-2687.0
14.1,0.3000000000000007,-3030.0
14.1,0.1999999999999993,-3189.0
14.1,0.09999999999999964,-3423.0
14.15,0.0,-3684.0
14.15,-0.09999999999999964,-3863.0
14.15,3.0,72352.0
14.15,2.9000000000000004,62782.0
14.15,2.8,54501.0
14.15,2.7,47826.0
14.15,2.5999999999999996,41887.0
14.15,2.5,35463.0
14.15,2.4000000000000004,30701.0
14.15,2.3,26485.0
14.15,2.2,22770.0
14.15,2.0999999999999996,19788.0
14.15,2.0,16534.0
14.15,1.9000000000000004,13695.0
14.15,1.8000000000000007,11253.0
14.15,1.6999999999999993,9053.0
14.15,1.5999999999999996,6882.0
14.15,1.5,5245.0
14.15,1.4000000000000004,3766.0
14.15,1.3000000000000007,2645.0
14.15,1.1999999999999993,1472.0
14.15,1.0999999999999996,731.0
14.15,1.0,24.0
14.15,0.9000000000000004,-415.0
14.15,0.8000000000000007,-984.0
14.15,0.6999999999999993,-1599.0
14.15,0.5999999999999996,-1905.0
14.15,0.5,-2376.0
14.15,0.40000000000000036,-2781.0
14.15,0.3000000000000007,-2980.0
14.15,0.1999999999999993,-3285.0
14.15,0.09999999999999964,-3405.0
14.2,0.0,-3587.0
14.2,-0.09999999999999964,-3823.0
14.2,3.0,78396.0
14.2,2.9000000000000004,67495.0
14.2,2.8,58533.0
14.2,2.7,51308.0
14.2,2.5999999999999996,44793.0
14.2,2.5,37603.0
14.2,2.4000000000000004,33111.0
14.2,2.3,28132.0
14.2,2.2,24907.0
14.2,2.0999999999999996,21290.0
14.2,2.0,17820.0
14.2,1.9000000000000004,14947.0
14.2,1.8000000000000007,12240.0
14.2,1.6999999999999993,9770.0
14.2,1.5999999999999996,7440.0
14.2,1.5,5464.0
14.2,1.4000000000000004,4033.0
14.2,1.3000000000000007,2648.0
14.2,1.1999999999999993,1708.0
14.2,1.0999999999999996,978.0
14.2,1.0,307.0
14.2,0.9000000000000004,-336.0
14.2,0.8000000000000007,-948.0
14.2,0.6999999999999993,-1551.0
14.2,0.5999999999999996,-1798.0
14.2,0.5,-2236.0
14.2,0.40000000000000036,-2574.0
14.2,0.3000000000000007,-3015.0
14.2,0.1999999999999993,-3167.0
14.2,0.09999999999999964,-3490.0
14.25,0.0,-3615.0
14.25,-0.09999999999999964,-3772.0
14.25,3.0,84962.0
14.25,2.9000000000000004,72640.0
14.25,2.8,63339.0
14.25,2.7,55644.0
14.25,2.5999999999999996,48182.0
14.25,2.5,41755.0
14.25,2.4000000000000004,35729.0
14.25,2.3,30661.0
14.25,2.2,26836.0
14.25,2.0999999999999996,22907.0
14.25,2.0,19339.0
14.25,1.9000000000000004,16111.0
14.25,1.8000000000000007,13207.0
14.25,1.6999999999999993,10581.0
14.25,1.5999999999999996,8389.0
14.25,1.5,6104.0
14.25,1.4000000000000004,4428.0
14.25,1.3000000000000007,3137.0
14.25,1.1999999999999993,2234.0
14.25,1.0999999999999996,1057.0
14.25,1.0,425.0
14.25,0.9000000000000004,-244.0
14.25,0.8000000000000007,-788.0
14.25,0.6999999999999993,-1317.0
14.25,0.5999999999999996,-1635.0
14.25,0.5,-2144.0
14.25,0.40000000000000036,-2584.0
14.25,0.3000000000000007,-2867.0
14.25,0.1999999999999993,-3177.0
14.25,0.09999999999999964,-3385.0
14.3,0.0,-3591.0
14.3,-0.09999999999999964,-3840.0
14.3,3.0,90927.0
14.3,2.9000000000000004,78166.0
14.3,2.8,68333.0
14.3,2.7,59795.0
14.3,2.5999999999999996,52204.0
14.3,2.5,44064.0
14.3,2.4000000000000004,38556.0
14.3,2.3,33396.0
14.3,2.2,29054.0
14.3,2.0999999999999996,24523.0
14.3,2.0,21057.0
14.3,1.9000000000000004,17573.0
14.3,1.8000000000000007,14215.0
14.3,1.6999999999999993,11563.0
14.3,1.5999999999999996,8955.0
14.3,1.5,6629.0
14.3,1.4000000000000004,5171.0
14.3,1.3000000000000007,3528.0
14.3,1.1999999999999993,2450.0
14.3,1.0999999999999996,1446.0
14.3,1.0,553.0
14.3,0.9000000000000004,50.0
14.3,0.8000000000000007,-612.0
14.3,0.6999999999999993,-1251.0
14.3,0.5999999999999996,-1610.0
14.3,0.5,-2223.0
14.3,0.40000000000000036,-2593.0
14.3,0.3000000000000007,-2896.0
14.3,0.1999999999999993,-3023.0
14.3,0.09999999999999964,-3462.0
14.35,0.0,-3657.0
14.35,-0.09999999999999964,-3828.0
14.35,3.0,98001.0
14.35,2.9000000000000004,84708.0
14.35,2.8,73877.0
14.35,2.7,65149.0
14.35,2.5999999999999996,56054.0
14.35,2.5,47851.0
14.35,2.4000000000000004,41376.0
14.35,2.3,36037.0
14.35,2.2,31204.0
14.35,2.0999999999999996,26579.0
14.35,2.0,22304.0
14.35,1.9000000000000004,18684.0
14.35,1.8000000000000007,15501.0
14.35,1.6999999999999993,12519.0
14.35,1.5999999999999996,9704.0
14.35,1.5,7487.0
14.35,1.4000000000000004,5425.0
14.35,1.3000000000000007,3803.0
14.35,1.1999999999999993,2692.0
14.35,1.0999999999999996,1646.0
14.35,1.0,722.0
14.35,0.9000000000000004,131.0
14.35,0.8000000000000007,-527.0
14.35,0.6999999999999993,-1061.0
14.35,0.5999999999999996,-1505.0
14.35,0.5,-2125.0
14.35,0.40000000000000036,-2594.0
14.35,0.3000000000000007,-2840.0
14.35,0.1999999999999993,-3155.0
14.35,0.09999999999999964,-3276.0
14.4,0.0,-3464.0
14.4,-0.09999999999999964,-3963.0
14.4,3.0,105491.0
14.4,2.9000000000000004,91792.0
14.4,2.8,79585.0
14.4,2.7,70135.0
14.4,2.5999999999999996,60779.0
14.4,2.5,51859.0
14.4,2.4000000000000004,41314.0
14.4,2.3,38878.0
14.4,2.2,33749.0
14.4,2.0999999999999996,29096.0
14.4,2.0,24641.0
14.4,1.9000000000000004,20493.0
14.4,1.8000000000000007,16825.0
14.4,1.6999999999999993,13542.0
14.4,1.5999999999999996,10454.0
14.4,1.5,8070.0
14.4,1.4000000000000004,6132.0
14.4,1.3000000000000007,4437.0
14.4,1.1999999999999993,2904.0
14.4,1.0999999999999996,1853.0
14.4,1.0,1292.0
14.4,0.9000000000000004,419.0
14.4,0.8000000000000007,-302.0
14.4,0.6999999999999993,-888.0
14.4,0.5999999999999996,-1571.0
14.4,0.5,-1983.0
14.4,0.40000000000000036,-2496.0
14.4,0.3000000000000007,-2831.0
14.4,0.1999999999999993,-3113.0
14.4,0.09999999999999964,-3392.0
14.45,0.0,-3607.0
14.45,-0.09999999999999964,-3936.0
14.45,3.0,113360.0
14.45,2.9000000000000004,98616.0
14.45,2.8,85912.0
14.45,2.7,75336.0
14.45,2.5999999999999996,66119.0
14.45,2.5,55917.0
14.45,2.4000000000000004,47983.0
14.45,2.3,41983.0
14.45,2.2,36340.0
14.45,2.0999999999999996,31302.0
14.45,2.0,26207.0
14.45,1.9000000000000004,22015.0
14.45,1.8000000000000007,18487.0
14.45,1.6999999999999993,14900.0
14.45,1.5999999999999996,11550.0
14.45,1.5,8707.0
14.45,1.4000000000000004,6296.0
14.45,1.3000000000000007,4891.0
14.45,1.1999999999999993,3456.0
14.45,1.0999999999999996,2231.0
14.45,1.0,1534.0
14.45,0.9000000000000004,639.0
14.45,0.8000000000000007,-168.0
14.45,0.6999999999999993,-758.0
14.45,0.5999999999999996,-1233.0
14.45,0.5,-1939.0
14.45,0.40000000000000036,-2415.0
14.45,0.3000000000000007,-2729.0
14.45,0.1999999999999993,-3044.0
14.45,0.09999999999999964,-3364.0
14.5,0.0,-3566.0
14.5,-0.09999999999999964,-3934.0
14.5,3.0,122754.0
14.5,2.9000000000000004,106794.0
14.5,2.8,92700.0
14.5,2.7,81056.0
14.5,2.5999999999999996,70953.0
14.5,2.5,60292.0
14.5,2.4000000000000004,52160.0
14.5,2.3,45020.0
14.5,2.2,39257.0
14.5,2.0999999999999996,33707.0
14.5,2.0,28352.0
14.5,1.9000000000000004,23822.0
14.5,1.8000000000000007,19812.0
14.5,1.6999999999999993,15876.0
14.5,1.5999999999999996,12489.0
14.5,1.5,9456.0
14.5,1.4000000000000004,7102.0
14.5,1.3000000000000007,5433.0
14.5,1.1999999999999993,3903.0
14.5,1.0999999999999996,2634.0
14.5,1.0,1363.0
14.5,0.9000000000000004,638.0
14.5,0.8000000000000007,86.0
14.5,0.6999999999999993,-748.0
14.5,0.5999999999999996,-1068.0
14.5,0.5,-1991.0
14.5,0.40000000000000036,-2271.0
14.5,0.3000000000000007,-2590.0
14.5,0.1999999999999993,-3116.0
14.5,0.09999999999999964,-3442.0
14.55,0.0,-3615.0
14.55,-0.09999999999999964,-3770.0
14.55,3.0,132125.0
14.55,2.9000000000000004,114811.0
14.55,2.8,100242.0
14.55,2.7,88088.0
14.55,2.5999999999999996,76915.0
14.55,2.5,64677.0
14.55,2.4000000000000004,56212.0
14.55,2.3,48705.0
14.55,2.2,42591.0
14.55,2.0999999999999996,36683.0
14.55,2.0,31218.0
14.55,1.9000000000000004,25705.0
14.55,1.8000000000000007,21083.0
14.55,1.6999999999999993,17137.0
14.55,1.5999999999999996,13668.0
14.55,1.5,10199.0
14.55,1.4000000000000004,7940.0
14.55,1.3000000000000007,5716.0
14.55,1.1999999999999993,4316.0
14.55,1.0999999999999996,2977.0
14.55,1.0,2024.0
14.55,0.9000000000000004,942.0
14.55,0.8000000000000007,324.0
14.55,0.6999999999999993,-403.0
14.55,0.5999999999999996,-1101.0
14.55,0.5,-1671.0
14.55,0.40000000000000036,-2339.0
14.55,0.3000000000000007,-2593.0
14.55,0.1999999999999993,-3142.0
14.55,0.09999999999999964,-3248.0
14.6,0.0,-3613.0
14.6,-0.09999999999999964,-3781.0
14.6,3.0,144772.0
14.6,2.9000000000000004,124303.0
14.6,2.8,108516.0
14.6,2.7,95407.0
14.6,2.5999999999999996,82357.0
14.6,2.5,70359.0
14.6,2.4000000000000004,60476.0
14.6,2.3,52479.0
14.6,2.2,45540.0
14.6,2.0999999999999996,39132.0
14.6,2.0,33510.0
14.6,1.9000000000000004,27764.0
14.6,1.8000000000000007,23127.0
14.6,1.6999999999999993,18517.0
14.6,1.5999999999999996,14555.0
14.6,1.5,11241.0
14.6,1.4000000000000004,8497.0
14.6,1.3000000000000007,6173.0
14.6,1.1999999999999993,4504.0
14.6,1.0999999999999996,3588.0
14.6,1.0,2463.0
14.6,0.9000000000000004,1242.0
14.6,0.8000000000000007,430.0
14.6,0.6999999999999993,-139.0
14.6,0.5999999999999996,-908.0
14.6,0.5,-1486.0
14.6,0.40000000000000036,-2247.0
14.6,0.3000000000000007,-2598.0
14.6,0.1999999999999993,-3071.0
14.6,0.09999999999999964,-3319.0
14.65,0.0,-3615.0
14.65,-0.09999999999999964,-3894.0
14.65,3.0,156094.0
14.65,2.9000000000000004,134226.0
14.65,2.8,117152.0
14.65,2.7,102709.0
14.65,2.5999999999999996,89109.0
14.65,2.5,75670.0
14.65,2.4000000000000004,65686.0
14.65,2.3,56669.0
14.65,2.2,49599.0
14.65,2.0999999999999996,42525.0
14.65,2.0,35999.0
14.65,1.9000000000000004,30278.0
14.65,1.8000000000000007,24666.0
14.65,1.6999999999999993,20075.0
14.65,1.5999999999999996,15715.0
14.65,1.5,12309.0
14.65,1.4000000000000004,9318.0
14.65,1.3000000000000007,6861.0
14.65,1.1999999999999993,5119.0
14.65,1.0999999999999996,3881.0
14.65,1.0,2671.0
14.65,0.9000000000000004,1646.0
14.65,0.8000000000000007,783.0
14.65,0.6999999999999993,-230.0
14.65,0.5999999999999996,-834.0
14.65,0.5,-1572.0
14.65,0.40000000000000036,-2120.0
14.65,0.3000000000000007,-2616.0
14.65,0.1999999999999993,-2944.0
14.65,0.09999999999999964,-3442.0
14.7,0.0,-3505.0
14.7,-0.09999999999999964,-3815.0
14.7,3.0,168455.0
14.7,2.9000000000000004,144809.0
14.7,2.8,126602.0
14.7,2.7,110795.0
14.7,2.5999999999999996,96304.0
14.7,2.5,82010.0
14.7,2.4000000000000004,71342.0
14.7,2.3,61821.0
14.7,2.2,53193.0
14.7,2.0999999999999996,42357.0
14.7,2.0,38262.0
14.7,1.9000000000000004,32768.0
14.7,1.8000000000000007,26794.0
14.7,1.6999999999999993,21824.0
14.7,1.5999999999999996,16808.0
14.7,1.5,13361.0
14.7,1.4000000000000004,10251.0
14.7,1.3000000000000007,7664.0
14.7,1.1999999999999993,5712.0
14.7,1.0999999999999996,4491.0
14.7,1.0,2889.0
14.7,0.9000000000000004,1843.0
14.7,0.8000000000000007,1029.0
14.7,0.6999999999999993,128.0
14.7,0.5999999999999996,-812.0
14.7,0.5,-1449.0
14.7,0.40000000000000036,-1961.0
14.7,0.3000000000000007,-2547.0
14.7,0.1999999999999993,-2979.0
14.7,0.09999999999999964,-3214.0
14.75,0.0,-3618.0
14.75,-0.09999999999999964,-3777.0
14.75,3.0,183124.0
14.75,2.9000000000000004,158025.0
14.75,2.8,137712.0
14.75,2.7,119468.0
14.75,2.5999999999999996,103461.0
14.75,2.5,88788.0
14.75,2.4000000000000004,76807.0
14.75,2.3,66717.0
14.75,2.2,57577.0
14.75,2.0999999999999996,49690.0
14.75,2.0,42062.0
14.75,1.9000000000000004,35384.0
14.75,1.8000000000000007,29022.0
14.75,1.6999999999999993,23327.0
14.75,1.5999999999999996,18234.0
14.75,1.5,14226.0
14.75,1.4000000000000004,10728.0
14.75,1.3000000000000007,8435.0
14.75,1.1999999999999993,6237.0
14.75,1.0999999999999996,4424.0
14.75,1.0,3250.0
14.75,0.9000000000000004,2242.0
14.75,0.8000000000000007,1254.0
14.75,0.6999999999999993,86.0
14.75,0.5999999999999996,-633.0
14.75,0.5,-1350.0
14.75,0.40000000000000036,-2119.0
14.75,0.3000000000000007,-2411.0
14.75,0.1999999999999993,-2798.0
14.75,0.09999999999999964,-3267.0
14.8,0.0,-3458.0
14.8,-0.09999999999999964,-3854.0
14.8,3.0,198008.0
14.8,2.9000000000000004,169674.0
14.8,2.8,147735.0
14.8,2.7,129592.0
14.8,2.5999999999999996,112745.0
14.8,2.5,95695.0
14.8,2.4000000000000004,83241.0
14.8,2.3,72278.0
14.8,2.2,61577.0
14.8,2.0999999999999996,53555.0
14.8,2.0,45412.0
14.8,1.9000000000000004,37610.0
14.8,1.8000000000000007,31155.0
14.8,1.6999999999999993,25038.0
14.8,1.5999999999999996,20093.0
14.8,1.5,15451.0
14.8,1.4000000000000004,12030.0
14.8,1.3000000000000007,9042.0
14.8,1.1999999999999993,6926.0
14.8,1.0999999999999996,5479.0
14.8,1.0,3859.0
14.8,0.9000000000000004,2488.0
14.8,0.8000000000000007,1512.0
14.8,0.6999999999999993,417.0
14.8,0.5999999999999996,-427.0
14.8,0.5,-1233.0
14.8,0.40000000000000036,-1793.0
14.8,0.3000000000000007,-2341.0
14.8,0.1999999999999993,-2808.0
14.8,0.09999999999999964,-3256.0
14.85,0.0,-3469.0
14.85,-0.09999999999999964,-3785.0
14.85,3.0,214830.0
14.85,2.9000000000000004,184175.0
14.85,2.8,159603.0
14.85,2.7,139981.0
14.85,2.5999999999999996,122273.0
14.85,2.5,104007.0
14.85,2.4000000000000004,90123.0
14.85,2.3,77325.0
14.85,2.2,67111.0
14.85,2.0999999999999996,57589.0
14.85,2.0,48862.0
14.85,1.9000000000000004,40696.0
14.85,1.8000000000000007,33808.0
14.85,1.6999999999999993,27293.0
14.85,1.5999999999999996,21403.0
14.85,1.5,16766.0
14.85,1.4000000000000004,12785.0
14.85,1.3000000000000007,9961.0
14.85,1.1999999999999993,7684.0
14.85,1.0999999999999996,5906.0
14.85,1.0,4692.0
14.85,0.9000000000000004,2694.0
14.85,0.8000000000000007,1841.0
14.85,0.6999999999999993,540.0
14.85,0.5999999999999996,-19.0
14.85,0.5,-920.0
14.85,0.40000000000000036,-1693.0
14.85,0.3000000000000007,-2346.0
14.85,0.1999999999999993,-2816.0
14.85,0.09999999999999964,-3253.0
14.9,0.0,-3571.0
14.9,-0.09999999999999964,-3964.0
14.9,3.0,231752.0
14.9,2.9000000000000004,198756.0
14.9,2.8,173160.0
14.9,2.7,151571.0
14.9,2.5999999999999996,131720.0
14.9,2.5,112219.0
14.9,2.4000000000000004,97735.0
14.9,2.3,83930.0
14.9,2.2,72289.0
14.9,2.0999999999999996,62401.0
14.9,2.0,52694.0
14.9,1.9000000000000004,44621.0
14.9,1.8000000000000007,36391.0
14.9,1.6999999999999993,29920.0
14.9,1.5999999999999996,23384.0
14.9,1.5,18173.0
14.9,1.4000000000000004,14101.0
14.9,1.3000000000000007,11088.0
14.9,1.1999999999999993,8561.0
14.9,1.0999999999999996,6410.0
14.9,1.0,4994.0
14.9,0.9000000000000004,3175.0
14.9,0.8000000000000007,2009.0
14.9,0.6999999999999993,1014.0
14.9,0.5999999999999996,55.0
14.9,0.5,-771.0
14.9,0.40000000000000036,-1623.0
14.9,0.3000000000000007,-2286.0
14.9,0.1999999999999993,-2781.0
14.9,0.09999999999999964,-3153.0
14.95,0.0,-3640.0
14.95,-0.09999999999999964,-3877.0
14.95,3.0,252452.0
14.95,2.9000000000000004,215875.0
14.95,2.8,187027.0
14.95,2.7,164854.0
14.95,2.5999999999999996,142413.0
14.95,2.5,120797.0
14.95,2.4000000000000004,104740.0
14.95,2.3,90378.0
14.95,2.2,79109.0
14.95,2.0999999999999996,67189.0
14.95,2.0,57167.0
14.95,1.9000000000000004,47628.0
14.95,1.8000000000000007,39525.0
14.95,1.6999999999999993,31849.0
14.95,1.5999999999999996,25457.0
14.95,1.5,19635.0
14.95,1.4000000000000004,15264.0
14.95,1.3000000000000007,11606.0
14.95,1.1999999999999993,9059.0
14.95,1.0999999999999996,7086.0
14.95,1.0,5330.0
14.95,0.9000000000000004,3829.0
14.95,0.8000000000000007,2587.0
14.95,0.6999999999999993,1350.0
14.95,0.5999999999999996,148.0
14.95,0.5,-763.0
14.95,0.40000000000000036,-1481.0
14.95,0.3000000000000007,-1890.0
14.95,0.1999999999999993,-2759.0
14.95,0.09999999999999964,-3124.0
15.0,0.0,-3476.0
15.0,-0.09999999999999964,-3966.0
15.0,3.0,273100.0
15.0,2.9000000000000004,234350.0
15.0,2.8,204264.0
15.0,2.7,178023.0
15.0,2.5999999999999996,154454.0
15.0,2.5,130983.0
15.0,2.4000000000000004,113287.0
15.0,2.3,97470.0
15.0,2.2,83980.0
15.0,2.0999999999999996,73224.0
15.0,2.0,61840.0
15.0,1.9000000000000004,51724.0
15.0,1.8000000000000007,43029.0
15.0,1.6999999999999993,34360.0
15.0,1.5999999999999996,27358.0
15.0,1.5,21511.0
15.0,1.4000000000000004,16545.0
15.0,1.3000000000000007,12623.0
15.0,1.1999999999999993,10146.0
15.0,1.0999999999999996,7977.0
15.0,1.0,5922.0
15.0,0.9000000000000004,4352.0
15.0,0.8000000000000007,2998.0
15.0,0.6999999999999993,1594.0
15.0,0.5999999999999996,451.0
15.0,0.5,-401.0
15.0,0.40000000000000036,-1307.0
15.0,0.3000000000000007,-2015.0
15.0,0.1999999999999993,-2528.0
15.0,0.09999999999999964,-3079.0
15.05,0.0,-3505.0
15.05,-0.09999999999999964,-3936.0
15.05,3.0,296806.0
15.05,2.9000000000000004,253078.0
15.05,2.8,221237.0
15.05,2.7,191936.0
15.05,2.5999999999999996,166798.0
15.05,2.5,141817.0
15.05,2.4000000000000004,122561.0
15.05,2.3,106489.0
15.05,2.2,92000.0
15.05,2.0999999999999996,78874.0
15.05,2.0,66800.0
15.05,1.9000000000000004,55970.0
15.05,1.8000000000000007,42616.0
15.05,1.6999999999999993,37420.0
15.05,1.5999999999999996,29759.0
15.05,1.5,23294.0
15.05,1.4000000000000004,17651.0
15.05,1.3000000000000007,14018.0
15.05,1.1999999999999993,10865.0
15.05,1.0999999999999996,8676.0
15.05,1.0,6694.0
15.05,0.9000000000000004,4774.0
15.05,0.8000000000000007,3130.0
15.05,0.6999999999999993,1795.0
15.05,0.5999999999999996,619.0
15.05,0.5,-176.0
15.05,0.40000000000000036,-1001.0
15.05,0.3000000000000007,-1910.0
15.05,0.1999999999999993,-2385.0
15.05,0.09999999999999964,-3053.0
15.1,0.0,-3576.0
15.1,-0.09999999999999964,-3989.0
15.1,3.0,326851.0
15.1,2.9000000000000004,275329.0
15.1,2.8,240027.0
15.1,2.7,207851.0
15.1,2.5999999999999996,181639.0
15.1,2.5,153528.0
15.1,2.4000000000000004,132212.0
15.1,2.3,114881.0
15.1,2.2,99684.0
15.1,2.0999999999999996,85251.0
15.1,2.0,72522.0
15.1,1.9000000000000004,60587.0
15.1,1.8000000000000007,50215.0
15.1,1.6999999999999993,40559.0
15.1,1.5999999999999996,32318.0
15.1,1.5,25091.0
15.1,1.4000000000000004,19708.0
15.1,1.3000000000000007,15428.0
15.1,1.1999999999999993,12019.0
15.1,1.0999999999999996,9670.0
15.1,1.0,7394.0
15.1,0.9000000000000004,5447.0
15.1,0.8000000000000007,3870.0
15.1,0.6999999999999993,2286.0
15.1,0.5999999999999996,1117.0
15.1,0.5,-94.0
15.1,0.40000000000000036,-893.0
15.1,0.3000000000000007,-1865.0
15.1,0.1999999999999993,-2441.0
15.1,0.09999999999999964,-3026.0
15.15,0.0,-3470.0
15.15,-0.09999999999999964,-3935.0
15.15,3.0,362432.0
15.15,2.9000000000000004,300310.0
15.15,2.8,260144.0
15.15,2.7,225494.0
15.15,2.5999999999999996,196039.0
15.15,2.5,166435.0
15.15,2.4000000000000004,143836.0
15.15,2.3,124083.0
15.15,2.2,107634.0
15.15,2.0999999999999996,92200.0
15.15,2.0,78649.0
15.15,1.9000000000000004,65392.0
15.15,1.8000000000000007,54220.0
15.15,1.6999999999999993,43917.0
15.15,1.5999999999999996,35187.0
15.15,1.5,27266.0
15.15,1.4000000000000004,21291.0
15.15,1.3000000000000007,16596.0
15.15,1.1999999999999993,13074.0
15.15,1.0999999999999996,10511.0
15.15,1.0,8345.0
15.15,0.9000000000000004,6032.0
15.15,0.8000000000000007,4324.0
15.15,0.6999999999999993,2597.0
15.15,0.5999999999999996,1429.0
15.15,0.5,267.0
15.15,0.40000000000000036,-745.0
15.15,0.3000000000000007,-1674.0
15.15,0.1999999999999993,-2406.0
15.15,0.09999999999999964,-2927.0
15.2,0.0,-3434.0
15.2,-0.09999999999999964,-4037.0
15.2,3.0,408679.0
15.2,2.9000000000000004,331746.0
15.2,2.8,282265.0
15.2,2.7,244376.0
15.2,2.5999999999999996,212719.0
15.2,2.5,179906.0
15.2,2.4000000000000004,154838.0
15.2,2.3,134421.0
15.2,2.2,116803.0
15.2,2.0999999999999996,100149.0
15.2,2.0,85098.0
15.2,1.9000000000000004,71127.0
15.2,1.8000000000000007,58453.0
15.2,1.6999999999999993,47408.0
15.2,1.5999999999999996,37553.0
15.2,1.5,29665.0
15.2,1.4000000000000004,23030.0
15.2,1.3000000000000007,18057.0
15.2,1.1999999999999993,14291.0
15.2,1.0999999999999996,11419.0
15.2,1.0,8936.0
15.2,0.9000000000000004,6616.0
15.2,0.8000000000000007,4716.0
15.2,0.6999999999999993,3289.0
15.2,0.5999999999999996,1736.0
15.2,0.5,383.0
15.2,0.40000000000000036,-1015.0
15.2,0.3000000000000007,-1670.0
15.2,0.1999999999999993,-2249.0
15.2,0.09999999999999964,-2946.0
15.25,0.0,-3392.0
15.25,-0.09999999999999964,-3956.0
15.25,3.0,462982.0
15.25,2.9000000000000004,330754.0
15.25,2.8,309829.0
15.25,2.7,265148.0
15.25,2.5999999999999996,228766.0
15.25,2.5,195059.0
15.25,2.4000000000000004,169022.0
15.25,2.3,146128.0
15.25,2.2,125938.0
15.25,2.0999999999999996,108265.0
15.25,2.0,91178.0
15.25,1.9000000000000004,76570.0
15.25,1.8000000000000007,63280.0
15.25,1.6999999999999993,51523.0
15.25,1.5999999999999996,40366.0
15.25,1.5,32255.0
15.25,1.4000000000000004,24876.0
15.25,1.3000000000000007,19649.0
15.25,1.1999999999999993,16019.0
15.25,1.0999999999999996,12716.0
15.25,1.0,9875.0
15.25,0.9000000000000004,7382.0
15.25,0.8000000000000007,5369.0
15.25,0.6999999999999993,3595.0
15.25,0.5999999999999996,2208.0
15.25,0.5,792.0
15.25,0.40000000000000036,-496.0
15.25,0.3000000000000007,-1481.0
15.25,0.1999999999999993,-2311.0
15.25,0.09999999999999964,-2790.0
15.3,0.0,-3514.0
15.3,-0.09999999999999964,-3820.0
15.3,3.0,530078.0
15.3,2.9000000000000004,416984.0
15.3,2.8,342512.0
15.3,2.7,288830.0
15.3,2.5999999999999996,249684.0
15.3,2.5,209808.0
15.3,2.4000000000000004,182532.0
15.3,2.3,157203.0
15.3,2.2,136160.0
15.3,2.0999999999999996,116812.0
15.3,2.0,99253.0
15.3,1.9000000000000004,83222.0
15.3,1.8000000000000007,68430.0
15.3,1.6999999999999993,55085.0
15.3,1.5999999999999996,44434.0
15.3,1.5,34595.0
15.3,1.4000000000000004,27442.0
15.3,1.3000000000000007,21365.0
15.3,1.1999999999999993,17024.0
15.3,1.0999999999999996,13975.0
15.3,1.0,10494.0
15.3,0.9000000000000004,7923.0
15.3,0.8000000000000007,6053.0
15.3,0.6999999999999993,3984.0
15.3,0.5999999999999996,2339.0
15.3,0.5,1034.0
15.3,0.40000000000000036,-130.0
15.3,0.3000000000000007,-1368.0
15.3,0.1999999999999993,-2141.0
15.3,0.09999999999999964,-2906.0
15.35,0.0,-3420.0
15.35,-0.09999999999999964,-3900.0
15.35,3.0,608157.0
15.35,2.9000000000000004,475062.0
15.35,2.8,385308.0
15.35,2.7,317268.0
15.35,2.5999999999999996,271359.0
15.35,2.5,228201.0
15.35,2.4000000000000004,197827.0
15.35,2.3,170347.0
15.35,2.2,147500.0
15.35,2.0999999999999996,126886.0
15.35,2.0,107299.0
15.35,1.9000000000000004,89498.0
15.35,1.8000000000000007,74198.0
15.35,1.6999999999999993,60568.0
15.35,1.5999999999999996,47763.0
15.35,1.5,37283.0
15.35,1.4000000000000004,29625.0
15.35,1.3000000000000007,23229.0
15.35,1.1999999999999993,18607.0
15.35,1.0999999999999996,15025.0
15.35,1.0,11757.0
15.35,0.9000000000000004,9085.0
15.35,0.8000000000000007,6484.0
15.35,0.6999999999999993,4757.0
15.35,0.5999999999999996,2942.0
15.35,0.5,1224.0
15.35,0.40000000000000036,-108.0
15.35,0.3000000000000007,-1045.0
15.35,0.1999999999999993,-1964.0
15.35,0.09999999999999964,-2667.0
15.4,0.0,-3333.0
15.4,-0.09999999999999964,-4050.0
15.4,3.0,693061.0
15.4,2.9000000000000004,546094.0
15.4,2.8,432151.0
15.4,2.7,350075.0
15.4,2.5999999999999996,294483.0
15.4,2.5,248642.0
15.4,2.4000000000000004,214774.0
15.4,2.3,185026.0
15.4,2.2,158953.0
15.4,2.0999999999999996,137638.0
15.4,2.0,116234.0
15.4,1.9000000000000004,96548.0
15.4,1.8000000000000007,80097.0
15.4,1.6999999999999993,65432.0
15.4,1.5999999999999996,51820.0
15.4,1.5,37219.0
15.4,1.4000000000000004,31612.0
15.4,1.3000000000000007,25399.0
15.4,1.1999999999999993,20163.0
15.4,1.0999999999999996,16645.0
15.4,1.0,13212.0
15.4,0.9000000000000004,9784.0
15.4,0.8000000000000007,7659.0
15.4,0.6999999999999993,5359.0
15.4,0.5999999999999996,3182.0
15.4,0.5,1655.0
15.4,0.40000000000000036,311.0
15.4,0.3000000000000007,-885.0
15.4,0.1999999999999993,-1933.0
15.4,0.09999999999999964,-2718.0
15.45,0.0,-3202.0
15.45,-0.09999999999999964,-3897.0
15.45,3.0,785750.0
15.45,2.9000000000000004,628550.0
15.45,2.8,492730.0
15.45,2.7,392282.0
15.45,2.5999999999999996,324563.0
15.45,2.5,270140.0
15.45,2.4000000000000004,232256.0
15.45,2.3,200020.0
15.45,2.2,172399.0
15.45,2.0999999999999996,147911.0
15.45,2.0,124979.0
15.45,1.9000000000000004,104765.0
15.45,1.8000000000000007,86921.0
15.45,1.6999999999999993,70384.0
15.45,1.5999999999999996,56176.0
15.45,1.5,43823.0
15.45,1.4000000000000004,34670.0
15.45,1.3000000000000007,27131.0
15.45,1.1999999999999993,22007.0
15.45,1.0999999999999996,18020.0
15.45,1.0,14686.0
15.45,0.9000000000000004,10807.0
15.45,0.8000000000000007,8278.0
15.45,0.6999999999999993,5842.0
15.45,0.5999999999999996,3730.0
15.45,0.5,2023.0
15.45,0.40000000000000036,528.0
15.45,0.3000000000000007,-862.0
15.45,0.1999999999999993,-1634.0
15.45,0.09999999999999964,-2648.0
15.5,0.0,-3207.0
15.5,-0.09999999999999964,-3901.0
15.5,3.0,891763.0
15.5,2.9000000000000004,717694.0
15.5,2.8,565099.0
15.5,2.7,445569.0
15.5,2.5999999999999996,360143.0
15.5,2.5,294560.0
15.5,2.4000000000000004,252906.0
15.5,2.3,217444.0
15.5,2.2,186630.0
15.5,2.0999999999999996,160093.0
15.5,2.0,135695.0
15.5,1.9000000000000004,113938.0
15.5,1.8000000000000007,94277.0
15.5,1.6999999999999993,76050.0
15.5,1.5999999999999996,60902.0
15.5,1.5,47317.0
15.5,1.4000000000000004,37385.0
15.5,1.3000000000000007,29746.0
15.5,1.1999999999999993,23855.0
15.5,1.0999999999999996,19695.0
15.5,1.0,15619.0
15.5,0.9000000000000004,12088.0
15.5,0.8000000000000007,9235.0
15.5,0.6999999999999993,6575.0
15.5,0.5999999999999996,4511.0
15.5,0.5,2636.0
15.5,0.40000000000000036,903.0
15.5,0.3000000000000007,-601.0
15.5,0.1999999999999993,-1527.0
15.5,0.09999999999999964,-2631.0
15.55,0.0,-3268.0
15.55,-0.09999999999999964,-3921.0
15.55,3.0,1011028.0
15.55,2.9000000000000004,823893.0
15.55,2.8,649655.0
15.55,2.7,510251.0
15.55,2.5999999999999996,405433.0
15.55,2.5,323169.0
15.55,2.4000000000000004,274355.0
15.55,2.3,234467.0
15.55,2.2,203681.0
15.55,2.0999999999999996,174612.0
15.55,2.0,147195.0
15.55,1.9000000000000004,123136.0
15.55,1.8000000000000007,101845.0
15.55,1.6999999999999993,82174.0
15.55,1.5999999999999996,65256.0
15.55,1.5,51707.0
15.55,1.4000000000000004,40638.0
15.55,1.3000000000000007,32036.0
15.55,1.1999999999999993,25931.0
15.55,1.0999999999999996,21383.0
15.55,1.0,16923.0
15.55,0.9000000000000004,13446.0
15.55,0.8000000000000007,10256.0
15.55,0.6999999999999993,7193.0
15.55,0.5999999999999996,5054.0
15.55,0.5,2966.0
15.55,0.40000000000000036,1229.0
15.55,0.3000000000000007,-209.0
15.55,0.1999999999999993,-1464.0
15.55,0.09999999999999964,-2388.0
15.6,0.0,-3285.0
15.6,-0.09999999999999964,-3902.0
15.6,3.0,1141658.0
15.6,2.9000000000000004,936241.0
15.6,2.8,739921.0
15.6,2.7,586676.0
15.6,2.5999999999999996,405016.0
15.6,2.5,358828.0
15.6,2.4000000000000004,299648.0
15.6,2.3,256115.0
15.6,2.2,219216.0
15.6,2.0999999999999996,188463.0
15.6,2.0,159202.0
15.6,1.9000000000000004,133231.0
15.6,1.8000000000000007,110492.0
15.6,1.6999999999999993,88955.0
15.6,1.5999999999999996,70888.0
15.6,1.5,55707.0
15.6,1.4000000000000004,44289.0
15.6,1.3000000000000007,34899.0
15.6,1.1999999999999993,28172.0
15.6,1.0999999999999996,23488.0
15.6,1.0,18824.0
15.6,0.9000000000000004,14385.0
15.6,0.8000000000000007,11383.0
15.6,0.6999999999999993,8127.0
15.6,0.5999999999999996,5675.0
15.6,0.5,3349.0
15.6,0.40000000000000036,1523.0
15.6,0.3000000000000007,-193.0
15.6,0.1999999999999993,-1413.0
15.6,0.09999999999999964,-2321.0
15.65,0.0,-3064.0
15.65,-0.09999999999999964,-3982.0
15.65,3.0,1284410.0
15.65,2.9000000000000004,1061386.0
15.65,2.8,843473.0
15.65,2.7,672523.0
15.65,2.5999999999999996,529799.0
15.65,2.5,402091.0
15.65,2.4000000000000004,329315.0
15.65,2.3,277332.0
15.65,2.2,237520.0
15.65,2.0999999999999996,204246.0
15.65,2.0,173075.0
15.65,1.9000000000000004,144040.0
15.65,1.8000000000000007,119145.0
15.65,1.6999999999999993,96403.0
15.65,1.5999999999999996,76657.0
15.65,1.5,60388.0
15.65,1.4000000000000004,47469.0
15.65,1.3000000000000007,37529.0
15.65,1.1999999999999993,30880.0
15.65,1.0999999999999996,25386.0
15.65,1.0,20390.0
15.65,0.9000000000000004,15902.0
15.65,0.8000000000000007,12349.0
15.65,0.6999999999999993,9147.0
15.65,0.5999999999999996,6230.0
15.65,0.5,3660.0
15.65,0.40000000000000036,1995.0
15.65,0.3000000000000007,146.0
15.65,0.1999999999999993,-1108.0
15.65,0.09999999999999964,-2008.0
15.7,0.0,-3011.0
15.7,-0.09999999999999964,-3946.0
15.7,3.0,1444496.0
15.7,2.9000000000000004,1196193.0
15.7,2.8,959472.0
15.7,2.7,767443.0
15.7,2.5999999999999996,604084.0
15.7,2.5,456592.0
15.7,2.4000000000000004,365780.0
15.7,2.3,302510.0
15.7,2.2,257658.0
15.7,2.0999999999999996,220987.0
15.7,2.0,186792.0
15.7,1.9000000000000004,156167.0
15.7,1.8000000000000007,129390.0
15.7,1.6999999999999993,104497.0
15.7,1.5999999999999996,83282.0
15.7,1.5,65751.0
15.7,1.4000000000000004,51807.0
15.7,1.3000000000000007,41035.0
15.7,1.1999999999999993,30450.0
15.7,1.0999999999999996,27499.0
15.7,1.0,22241.0
15.7,0.9000000000000004,17326.0
15.7,0.8000000000000007,13585.0
15.7,0.6999999999999993,10269.0
15.7,0.5999999999999996,7048.0
15.7,0.5,4357.0
15.7,0.40000000000000036,2377.0
15.7,0.3000000000000007,392.0
15.7,0.1999999999999993,-890.0
15.7,0.09999999999999964,-2129.0
15.75,0.0,-3058.0
15.75,-0.09999999999999964,-3930.0
15.75,3.0,1629043.0
15.75,2.9000000000000004,1347179.0
15.75,2.8,1084535.0
15.75,2.7,871424.0
15.75,2.5999999999999996,692055.0
15.75,2.5,519161.0
15.75,2.4000000000000004,411767.0
15.75,2.3,332733.0
15.75,2.2,282070.0
15.75,2.0999999999999996,239579.0
15.75,2.0,201571.0
15.75,1.9000000000000004,169257.0
15.75,1.8000000000000007,140470.0
15.75,1.6999999999999993,112808.0
15.75,1.5999999999999996,90284.0
15.75,1.5,70801.0
15.75,1.4000000000000004,55853.0
15.75,1.3000000000000007,44910.0
15.75,1.1999999999999993,36387.0
15.75,1.0999999999999996,29979.0
15.75,1.0,24346.0
15.75,0.9000000000000004,19087.0
15.75,0.8000000000000007,14851.0
15.75,0.6999999999999993,10988.0
15.75,0.5999999999999996,8012.0
15.75,0.5,5123.0
15.75,0.40000000000000036,2702.0
15.75,0.3000000000000007,725.0
15.75,0.1999999999999993,-510.0
15.75,0.09999999999999964,-1937.0
15.8,0.0,-3051.0
15.8,-0.09999999999999964,-3966.0
15.8,3.0,1855430.0
15.8,2.9000000000000004,1519441.0
15.8,2.8,1224236.0
15.8,2.7,991320.0
15.8,2.5999999999999996,792323.0
15.8,2.5,594787.0
15.8,2.4000000000000004,466068.0
15.8,2.3,370298.0
15.8,2.2,307207.0
15.8,2.0999999999999996,259686.0
15.8,2.0,218764.0
15.8,1.9000000000000004,183029.0
15.8,1.8000000000000007,151298.0
15.8,1.6999999999999993,121571.0
15.8,1.5999999999999996,96400.0
15.8,1.5,76748.0
15.8,1.4000000000000004,60744.0
15.8,1.3000000000000007,48456.0
15.8,1.1999999999999993,39283.0
15.8,1.0999999999999996,32682.0
15.8,1.0,26609.0
15.8,0.9000000000000004,20369.0
15.8,0.8000000000000007,16290.0
15.8,0.6999999999999993,12226.0
15.8,0.5999999999999996,8873.0
15.8,0.5,5653.0
15.8,0.40000000000000036,3227.0
15.8,0.3000000000000007,1108.0
15.8,0.1999999999999993,-543.0
15.8,0.09999999999999964,-1902.0
15.85,0.0,-2950.0
15.85,-0.09999999999999964,-4003.0
15.85,3.0,2135426.0
15.85,2.9000000000000004,1713630.0
15.85,2.8,1374940.0
15.85,2.7,1120719.0
15.85,2.5999999999999996,900967.0
15.85,2.5,676615.0
15.85,2.4000000000000004,533715.0
15.85,2.3,418048.0
15.85,2.2,339542.0
15.85,2.0999999999999996,283810.0
15.85,2.0,237647.0
15.85,1.9000000000000004,197929.0
15.85,1.8000000000000007,164436.0
15.85,1.6999999999999993,132206.0
15.85,1.5999999999999996,105566.0
15.85,1.5,82892.0
15.85,1.4000000000000004,65431.0
15.85,1.3000000000000007,52278.0
15.85,1.1999999999999993,42187.0
15.85,1.0999999999999996,35671.0
15.85,1.0,28882.0
15.85,0.9000000000000004,22604.0
15.85,0.8000000000000007,17832.0
15.85,0.6999999999999993,13365.0
15.85,0.5999999999999996,9518.0
15.85,0.5,6504.0
15.85,0.40000000000000036,3722.0
15.85,0.3000000000000007,1758.0
15.85,0.1999999999999993,-214.0
15.85,0.09999999999999964,-1577.0
15.9,0.0,-2847.0
15.9,-0.09999999999999964,-3943.0
15.9,3.0,2521401.0
15.9,2.9000000000000004,1945491.0
15.9,2.8,1550313.0
15.9,2.7,1264024.0
15.9,2.5999999999999996,1021736.0
15.9,2.5,771314.0
15.9,2.4000000000000004,609743.0
15.9,2.3,417159.0
15.9,2.2,378584.0
15.9,2.0999999999999996,311636.0
15.9,2.0,257963.0
15.9,1.9000000000000004,213755.0
15.9,1.8000000000000007,177476.0
15.9,1.6999999999999993,143796.0
15.9,1.5999999999999996,113525.0
15.9,1.5,90367.0
15.9,1.4000000000000004,70884.0
15.9,1.3000000000000007,56823.0
15.9,1.1999999999999993,46353.0
15.9,1.0999999999999996,38643.0
15.9,1.0,31369.0
15.9,0.9000000000000004,23879.0
15.9,0.8000000000000007,19514.0
15.9,0.6999999999999993,14383.0
15.9,0.5999999999999996,10697.0
15.9,0.5,7074.0
15.9,0.40000000000000036,4284.0
15.9,0.3000000000000007,1840.0
15.9,0.1999999999999993,-78.0
15.9,0.09999999999999964,-1540.0
15.95,0.0,-2841.0
15.95,-0.09999999999999964,-3962.0
15.95,3.0,3076631.0
15.95,2.9000000000000004,2254018.0
15.95,2.8,1758547.0
15.95,2.7,1421702.0
15.95,2.5999999999999996,1152773.0
15.95,2.5,872441.0
15.95,2.4000000000000004,697166.0
15.95,2.3,543621.0
15.95,2.2,426983.0
15.95,2.0999999999999996,344537.0
15.95,2.0,280286.0
15.95,1.9000000000000004,233161.0
15.95,1.8000000000000007,192024.0
15.95,1.6999999999999993,155895.0
15.95,1.5999999999999996,123465.0
15.95,1.5,97482.0
15.95,1.4000000000000004,77133.0
15.95,1.3000000000000007,62263.0
15.95,1.1999999999999993,50321.0
15.95,1.0999999999999996,41788.0
15.95,1.0,34031.0
15.95,0.9000000000000004,26743.0
15.95,0.8000000000000007,20901.0
15.95,0.6999999999999993,15885.0
15.95,0.5999999999999996,12181.0
15.95,0.5,8145.0
15.95,0.40000000000000036,5015.0
15.95,0.3000000000000007,2397.0
15.95,0.1999999999999993,446.0
15.95,0.09999999999999964,-1483.0
16.0,0.0,-2814.0
16.0,-0.09999999999999964,-3942.0
16.0,3.0,3790162.0
16.0,2.9000000000000004,2678860.0
16.0,2.8,2009503.0
16.0,2.7,1605674.0
16.0,2.5999999999999996,1301023.0
16.0,2.5,988676.0
16.0,2.4000000000000004,793124.0
16.0,2.3,621111.0
16.0,2.2,487806.0
16.0,2.0999999999999996,384210.0
16.0,2.0,308385.0
16.0,1.9000000000000004,253929.0
16.0,1.8000000000000007,209041.0
16.0,1.6999999999999993,168935.0
16.0,1.5999999999999996,134191.0
16.0,1.5,105442.0
16.0,1.4000000000000004,83479.0
16.0,1.3000000000000007,66298.0
16.0,1.1999999999999993,53887.0
16.0,1.0999999999999996,45300.0
16.0,1.0,36376.0
16.0,0.9000000000000004,29041.0
16.0,0.8000000000000007,23071.0
16.0,0.6999999999999993,17486.0
16.0,0.5999999999999996,13341.0
16.0,0.5,8840.0
16.0,0.40000000000000036,5498.0
16.0,0.3000000000000007,2819.0
16.0,0.1999999999999993,535.0
16.0,0.09999999999999964,-1257.0
16.05,0.0,-2756.0
16.05,-0.09999999999999964,-3995.0
16.05,3.0,4558523.0
16.05,2.9000000000000004,3263158.0
16.05,2.8,2336177.0
16.05,2.7,1820229.0
16.05,2.5999999999999996,1463304.0
16.05,2.5,1112964.0
16.05,2.4000000000000004,896413.0
16.05,2.3,709946.0
16.05,2.2,558249.0
16.05,2.0999999999999996,435665.0
16.05,2.0,340006.0
16.05,1.9000000000000004,276475.0
16.05,1.8000000000000007,226270.0
16.05,1.6999999999999993,183210.0
16.05,1.5999999999999996,145672.0
16.05,1.5,114213.0
16.05,1.4000000000000004,90361.0
16.05,1.3000000000000007,72158.0
16.05,1.1999999999999993,58685.0
16.05,1.0999999999999996,49183.0
16.05,1.0,39670.0
16.05,0.9000000000000004,28939.0
16.05,0.8000000000000007,24996.0
16.05,0.6999999999999993,19322.0
16.05,0.5999999999999996,14498.0
16.05,0.5,10118.0
16.05,0.40000000000000036,6427.0
16.05,0.3000000000000007,3424.0
16.05,0.1999999999999993,1065.0
16.05,0.09999999999999964,-966.0
16.1,0.0,-2524.0
16.1,-0.09999999999999964,-3987.0
16.1,3.0,5259601.0
16.1,2.9000000000000004,4009242.0
16.1,2.8,2807754.0
16.1,2.7,2085017.0
16.1,2.5999999999999996,1655245.0
16.1,2.5,1255608.0
16.1,2.4000000000000004,1012965.0
16.1,2.3,805211.0
16.1,2.2,638083.0
16.1,2.0999999999999996,498154.0
16.1,2.0,381054.0
16.1,1.9000000000000004,302536.0
16.1,1.8000000000000007,245277.0
16.1,1.6999999999999993,198577.0
16.1,1.5999999999999996,157419.0
16.1,1.5,123917.0
16.1,1.4000000000000004,97708.0
16.1,1.3000000000000007,78456.0
16.1,1.1999999999999993,63672.0
16.1,1.0999999999999996,53088.0
16.1,1.0,43394.0
16.1,0.9000000000000004,34158.0
16.1,0.8000000000000007,27612.0
16.1,0.6999999999999993,21196.0
16.1,0.5999999999999996,15825.0
16.1,0.5,10893.0
16.1,0.40000000000000036,6988.0
16.1,0.3000000000000007,3987.0
16.1,0.1999999999999993,1424.0
16.1,0.09999999999999964,-796.0
16.15,0.0,-2482.0
16.15,-0.09999999999999964,-4032.0
16.15,3.0,5982399.0
16.15,2.9000000000000004,4763114.0
16.15,2.8,3445046.0
16.15,2.7,2435920.0
16.15,2.5999999999999996,1879538.0
16.15,2.5,1411648.0
16.15,2.4000000000000004,1145898.0
16.15,2.3,911078.0
16.15,2.2,726716.0
16.15,2.0999999999999996,572260.0
16.15,2.0,432321.0
16.15,1.9000000000000004,334281.0
16.15,1.8000000000000007,266408.0
16.15,1.6999999999999993,214918.0
16.15,1.5999999999999996,171110.0
16.15,1.5,134339.0
16.15,1.4000000000000004,105917.0
16.15,1.3000000000000007,84897.0
16.15,1.1999999999999993,69670.0
16.15,1.0999999999999996,57708.0
16.15,1.0,46459.0
16.15,0.9000000000000004,37402.0
16.15,0.8000000000000007,29551.0
16.15,0.6999999999999993,22895.0
16.15,0.5999999999999996,17268.0
16.15,0.5,12202.0
16.15,0.40000000000000036,7832.0
16.15,0.3000000000000007,4508.0
16.15,0.1999999999999993,1755.0
16.15,0.09999999999999964,-593.0
16.2,0.0,-2320.0
16.2,-0.09999999999999964,-4108.0
16.2,3.0,7312658.0
16.2,2.9000000000000004,5443661.0
16.2,2.8,4204688.0
16.2,2.7,2952558.0
16.2,2.5999999999999996,2164762.0
16.2,2.5,1600558.0
16.2,2.4000000000000004,1289467.0
16.2,2.3,1030444.0
16.2,2.2,824466.0
16.2,2.0999999999999996,654502.0
16.2,2.0,492510.0
16.2,1.9000000000000004,373959.0
16.2,1.8000000000000007,291808.0
16.2,1.6999999999999993,233712.0
16.2,1.5999999999999996,185429.0
16.2,1.5,145396.0
16.2,1.4000000000000004,114507.0
16.2,1.3000000000000007,91862.0
16.2,1.1999999999999993,74830.0
16.2,1.0999999999999996,62586.0
16.2,1.0,50637.0
16.2,0.9000000000000004,40968.0
16.2,0.8000000000000007,32410.0
16.2,0.6999999999999993,25183.0
16.2,0.5999999999999996,19139.0
16.2,0.5,13385.0
16.2,0.40000000000000036,8869.0
16.2,0.3000000000000007,5032.0
16.2,0.1999999999999993,2111.0
16.2,0.09999999999999964,-330.0
16.25,0.0,-2247.0
16.25,-0.09999999999999964,-4110.0
16.25,3.0,10549714.0
16.25,2.9000000000000004,6221246.0
16.25,2.8,4953490.0
16.25,2.7,3630502.0
16.25,2.5999999999999996,2558512.0
16.25,2.5,1831381.0
16.25,2.4000000000000004,1450166.0
16.25,2.3,1162339.0
16.25,2.2,928566.0
16.25,2.0999999999999996,744604.0
16.25,2.0,491507.0
16.25,1.9000000000000004,422893.0
16.25,1.8000000000000007,321724.0
16.25,1.6999999999999993,253450.0
16.25,1.5999999999999996,201079.0
16.25,1.5,158143.0
16.25,1.4000000000000004,124340.0
16.25,1.3000000000000007,99228.0
16.25,1.1999999999999993,81884.0
16.25,1.0999999999999996,68494.0
16.25,1.0,55493.0
16.25,0.9000000000000004,43823.0
16.25,0.8000000000000007,35273.0
16.25,0.6999999999999993,26902.0
16.25,0.5999999999999996,20899.0
16.25,0.5,14720.0
16.25,0.40000000000000036,9969.0
16.25,0.3000000000000007,5856.0
16.25,0.1999999999999993,2673.0
16.25,0.09999999999999964,-272.0
16.3,0.0,-2108.0
16.3,-0.09999999999999964,-4104.0
16.3,3.0,15067808.0
16.3,2.9000000000000004,7854896.0
16.3,2.8,5625004.0
16.3,2.7,4404423.0
16.3,2.5999999999999996,3099730.0
16.3,2.5,2134646.0
16.3,2.4000000000000004,1641574.0
16.3,2.3,1311263.0
16.3,2.2,1047224.0
16.3,2.0999999999999996,844077.0
16.3,2.0,644125.0
16.3,1.9000000000000004,480374.0
16.3,1.8000000000000007,356911.0
16.3,1.6999999999999993,275209.0
16.3,1.5999999999999996,218024.0
16.3,1.5,170709.0
16.3,1.4000000000000004,134683.0
16.3,1.3000000000000007,107135.0
16.3,1.1999999999999993,87573.0
16.3,1.0999999999999996,73199.0
16.3,1.0,60066.0
16.3,0.9000000000000004,47988.0
16.3,0.8000000000000007,37813.0
16.3,0.6999999999999993,29442.0
16.3,0.5999999999999996,23196.0
16.3,0.5,16310.0
16.3,0.40000000000000036,10945.0
16.3,0.3000000000000007,6335.0
16.3,0.1999999999999993,3008.0
16.3,0.09999999999999964,99.0
16.35,0.0,-1905.0
16.35,-0.09999999999999964,-4142.0
16.35,3.0,17033051.0
16.35,2.9000000000000004,11609614.0
16.35,2.8,6510626.0
16.35,2.7,5138990.0
16.35,2.5999999999999996,3826369.0
16.35,2.5,2555838.0
16.35,2.4000000000000004,1878315.0
16.35,2.3,1477090.0
16.35,2.2,1182718.0
16.35,2.0999999999999996,956030.0
16.35,2.0,736150.0
16.35,1.9000000000000004,549806.0
16.35,1.8000000000000007,402406.0
16.35,1.6999999999999993,302153.0
16.35,1.5999999999999996,234937.0
16.35,1.5,185484.0
16.35,1.4000000000000004,145574.0
16.35,1.3000000000000007,116217.0
16.35,1.1999999999999993,95607.0
16.35,1.0999999999999996,78993.0
16.35,1.0,63951.0
16.35,0.9000000000000004,51894.0
16.35,0.8000000000000007,41445.0
16.35,0.6999999999999993,31976.0
16.35,0.5999999999999996,24666.0
16.35,0.5,17707.0
16.35,0.40000000000000036,11985.0
16.35,0.3000000000000007,7161.0
16.35,0.1999999999999993,3707.0
16.35,0.09999999999999964,387.0
16.4,0.0,-1761.0
16.4,-0.09999999999999964,-4172.0
16.4,3.0,17258201.0
16.4,2.9000000000000004,15855398.0
16.4,2.8,8669868.0
16.4,2.7,5825208.0
16.4,2.5999999999999996,4604592.0
16.4,2.5,3128347.0
16.4,2.4000000000000004,2191724.0
16.4,2.3,1679112.0
16.4,2.2,1331609.0
16.4,2.0999999999999996,1079027.0
16.4,2.0,834842.0
16.4,1.9000000000000004,632301.0
16.4,1.8000000000000007,458397.0
16.4,1.6999999999999993,334242.0
16.4,1.5999999999999996,255750.0
16.4,1.5,200409.0
16.4,1.4000000000000004,158258.0
16.4,1.3000000000000007,126129.0
16.4,1.1999999999999993,103635.0
16.4,1.0999999999999996,86241.0
16.4,1.0,67766.0
16.4,0.9000000000000004,56052.0
16.4,0.8000000000000007,45000.0
16.4,0.6999999999999993,34647.0
16.4,0.5999999999999996,25059.0
16.4,0.5,19177.0
16.4,0.40000000000000036,13418.0
16.4,0.3000000000000007,8194.0
16.4,0.1999999999999993,4156.0
16.4,0.09999999999999964,889.0
16.45,0.0,-1772.0
16.45,-0.09999999999999964,-4245.0
16.45,3.0,17275759.0
16.45,2.9000000000000004,17202941.0
16.45,2.8,12965809.0
16.45,2.7,6863730.0
16.45,2.5999999999999996,5317232.0
16.45,2.5,3873923.0
16.45,2.4000000000000004,2634664.0
16.45,2.3,1929555.0
16.45,2.2,1508635.0
16.45,2.0999999999999996,1214356.0
16.45,2.0,943142.0
16.45,1.9000000000000004,720987.0
16.45,1.8000000000000007,524745.0
16.45,1.6999999999999993,375209.0
16.45,1.5999999999999996,279067.0
16.45,1.5,218469.0
16.45,1.4000000000000004,171559.0
16.45,1.3000000000000007,136665.0
16.45,1.1999999999999993,112544.0
16.45,1.0999999999999996,93581.0
16.45,1.0,73817.0
16.45,0.9000000000000004,60862.0
16.45,0.8000000000000007,49253.0
16.45,0.6999999999999993,37599.0
16.45,0.5999999999999996,29516.0
16.45,0.5,21119.0
16.45,0.40000000000000036,14650.0
16.45,0.3000000000000007,9321.0
16.45,0.1999999999999993,4893.0
16.45,0.09999999999999964,1093.0
16.5,0.0,-1508.0
16.5,-0.09999999999999964,-4118.0
16.5,3.0,17280638.0
16.5,2.9000000000000004,17337858.0
16.5,2.8,16552716.0
16.5,2.7,9593261.0
16.5,2.5999999999999996,6022525.0
16.5,2.5,4630528.0
16.5,2.4000000000000004,3252977.0
16.5,2.3,2261949.0
16.5,2.2,1719235.0
16.5,2.0999999999999996,1369054.0
16.5,2.0,1065819.0
16.5,1.9000000000000004,819807.0
16.5,1.8000000000000007,602554.0
16.5,1.6999999999999993,425119.0
16.5,1.5999999999999996,306905.0
16.5,1.5,237680.0
16.5,1.4000000000000004,185871.0
16.5,1.3000000000000007,148720.0
16.5,1.1999999999999993,122033.0
16.5,1.0999999999999996,101908.0
16.5,1.0,79915.0
16.5,0.9000000000000004,66238.0
16.5,0.8000000000000007,53752.0
16.5,0.6999999999999993,41169.0
16.5,0.5999999999999996,32292.0
16.5,0.5,23635.0
16.5,0.40000000000000036,15853.0
16.5,0.3000000000000007,10183.0
16.5,0.1999999999999993,5554.0
16.5,0.09999999999999964,1634.0
16.55,0.0,-1488.0
16.55,-0.09999999999999964,-4283.0
16.55,3.0,17273095.0
16.55,2.9000000000000004,17335984.0
16.55,2.8,17345947.0
16.55,2.7,14208905.0
16.55,2.5999999999999996,7309918.0
16.55,2.5,5320824.0
16.55,2.4000000000000004,4015911.0
16.55,2.3,2743563.0
16.55,2.2,1981731.0
16.55,2.0999999999999996,1551404.0
16.55,2.0,1205180.0
16.55,1.9000000000000004,932358.0
16.55,1.8000000000000007,688369.0
16.55,1.6999999999999993,483884.0
16.55,1.5999999999999996,341757.0
16.55,1.5,257495.0
16.55,1.4000000000000004,202059.0
16.55,1.3000000000000007,161310.0
16.55,1.1999999999999993,132194.0
16.55,1.0999999999999996,110157.0
16.55,1.0,87593.0
16.55,0.9000000000000004,72661.0
16.55,0.8000000000000007,58093.0
16.55,0.6999999999999993,44514.0
16.55,0.5999999999999996,35658.0
16.55,0.5,25371.0
16.55,0.40000000000000036,17429.0
16.55,0.3000000000000007,11374.0
16.55,0.1999999999999993,6093.0
16.55,0.09999999999999964,1789.0
16.6,0.0,-1241.0
16.6,-0.09999999999999964,-4363.0
16.6,3.0,17265644.0
16.6,2.9000000000000004,17328696.0
16.6,2.8,17391446.0
16.6,2.7,17032001.0
16.6,2.5999999999999996,10603209.0
16.6,2.5,6060598.0
16.6,2.4000000000000004,4761276.0
16.6,2.3,3387234.0
16.6,2.2,2339232.0
16.6,2.0999999999999996,1768471.0
16.6,2.0,1355979.0
16.6,1.9000000000000004,1050603.0
16.6,1.8000000000000007,783380.0
16.6,1.6999999999999993,484454.0
16.6,1.5999999999999996,383816.0
16.6,1.5,282324.0
16.6,1.4000000000000004,218879.0
16.6,1.3000000000000007,174268.0
16.6,1.1999999999999993,143176.0
16.6,1.0999999999999996,120366.0
16.6,1.0,95929.0
16.6,0.9000000000000004,78356.0
16.6,0.8000000000000007,63331.0
16.6,0.6999999999999993,48569.0
16.6,0.5999999999999996,38456.0
16.6,0.5,27718.0
16.6,0.40000000000000036,19317.0
16.6,0.3000000000000007,12452.0
16.6,0.1999999999999993,7018.0
16.6,0.09999999999999964,2394.0
16.65,0.0,-1198.0
16.65,-0.09999999999999964,-4234.0
16.65,3.0,17245908.0
16.65,2.9000000000000004,17320682.0
16.65,2.8,17390548.0
16.65,2.7,17443703.0
16.65,2.5999999999999996,15221102.0
16.65,2.5,7616545.0
16.65,2.4000000000000004,5437040.0
16.65,2.3,4157859.0
16.65,2.2,2850036.0
16.65,2.0999999999999996,2035230.0
16.65,2.0,1533218.0
16.65,1.9000000000000004,1184883.0
16.65,1.8000000000000007,887883.0
16.65,1.6999999999999993,637248.0
16.65,1.5999999999999996,436908.0
16.65,1.5,312616.0
16.65,1.4000000000000004,238074.0
16.65,1.3000000000000007,190321.0
16.65,1.1999999999999993,154798.0
16.65,1.0999999999999996,130595.0
16.65,1.0,104156.0
16.65,0.9000000000000004,85303.0
16.65,0.8000000000000007,68209.0
16.65,0.6999999999999993,52933.0
16.65,0.5999999999999996,42043.0
16.65,0.5,30146.0
16.65,0.40000000000000036,21218.0
16.65,0.3000000000000007,13697.0
16.65,0.1999999999999993,7975.0
16.65,0.09999999999999964,2891.0
16.7,0.0,-871.0
16.7,-0.09999999999999964,-4291.0
16.7,3.0,17252279.0
16.7,2.9000000000000004,17342766.0
16.7,2.8,17384383.0
16.7,2.7,17480597.0
16.7,2.5999999999999996,17343540.0
16.7,2.5,11459841.0
16.7,2.4000000000000004,6232885.0
16.7,2.3,4909715.0
16.7,2.2,3523581.0
16.7,2.0999999999999996,2397238.0
16.7,2.0,1741777.0
16.7,1.9000000000000004,1334442.0
16.7,1.8000000000000007,1001489.0
16.7,1.6999999999999993,726422.0
16.7,1.5999999999999996,500799.0
16.7,1.5,348931.0
16.7,1.4000000000000004,258988.0
16.7,1.3000000000000007,205742.0
16.7,1.1999999999999993,168685.0
16.7,1.0999999999999996,142353.0
16.7,1.0,113667.0
16.7,0.9000000000000004,91818.0
16.7,0.8000000000000007,74500.0
16.7,0.6999999999999993,57650.0
16.7,0.5999999999999996,45654.0
16.7,0.5,32916.0
16.7,0.40000000000000036,22612.0
16.7,0.3000000000000007,13606.0
16.7,0.1999999999999993,9006.0
16.7,0.09999999999999964,3431.0
16.75,0.0,-623.0
16.75,-0.09999999999999964,-4378.0
16.75,3.0,17250406.0
16.75,2.9000000000000004,17336435.0
16.75,2.8,17397176.0
16.75,2.7,17487393.0
16.75,2.5999999999999996,17594418.0
16.75,2.5,15805604.0
16.75,2.4000000000000004,8020268.0
16.75,2.3,5577841.0
16.75,2.2,4291181.0
16.75,2.0999999999999996,2925006.0
16.75,2.0,2009503.0
16.75,1.9000000000000004,1506974.0
16.75,1.8000000000000007,1129482.0
16.75,1.6999999999999993,823761.0
16.75,1.5999999999999996,572813.0
16.75,1.5,392785.0
16.75,1.4000000000000004,285286.0
16.75,1.3000000000000007,224222.0
16.75,1.1999999999999993,182160.0
16.75,1.0999999999999996,153228.0
16.75,1.0,122863.0
16.75,0.9000000000000004,100545.0
16.75,0.8000000000000007,81194.0
16.75,0.6999999999999993,62295.0
16.75,0.5999999999999996,50212.0
16.75,0.5,36034.0
16.75,0.40000000000000036,25215.0
16.75,0.3000000000000007,16760.0
16.75,0.1999999999999993,9579.0
16.75,0.09999999999999964,3940.0
16.8,0.0,-397.0
16.8,-0.09999999999999964,-4485.0
16.8,3.0,17235214.0
16.8,2.9000000000000004,17333533.0
16.8,2.8,17395455.0
16.8,2.7,17481932.0
16.8,2.5999999999999996,17612322.0
16.8,2.5,17343801.0
16.8,2.4000000000000004,12139141.0
16.8,2.3,6427562.0
16.8,2.2,5015875.0
16.8,2.0999999999999996,3634851.0
16.8,2.0,2379899.0
16.8,1.9000000000000004,1709068.0
16.8,1.8000000000000007,1276514.0
16.8,1.6999999999999993,933812.0
16.8,1.5999999999999996,655728.0
16.8,1.5,448237.0
16.8,1.4000000000000004,314321.0
16.8,1.3000000000000007,243789.0
16.8,1.1999999999999993,197426.0
16.8,1.0999999999999996,166091.0
16.8,1.0,132845.0
16.8,0.9000000000000004,109155.0
16.8,0.8000000000000007,87703.0
16.8,0.6999999999999993,67840.0
16.8,0.5999999999999996,54168.0
16.8,0.5,39103.0
16.8,0.40000000000000036,27580.0
16.8,0.3000000000000007,18284.0
16.8,0.1999999999999993,10930.0
16.8,0.09999999999999964,4505.0
16.85,0.0,178.0
16.85,-0.09999999999999964,-4351.0
16.85,3.0,17237348.0
16.85,2.9000000000000004,17330993.0
16.85,2.8,17403214.0
16.85,2.7,17481203.0
16.85,2.5999999999999996,17600924.0
16.85,2.5,17469353.0
16.85,2.4000000000000004,16325932.0
16.85,2.3,8594285.0
16.85,2.2,5692414.0
16.85,2.0999999999999996,4410478.0
16.85,2.0,2905313.0
16.85,1.9000000000000004,1971873.0
16.85,1.8000000000000007,1436112.0
16.85,1.6999999999999993,1052290.0
16.85,1.5999999999999996,744125.0
16.85,1.5,516546.0
16.85,1.4000000000000004,352682.0
16.85,1.3000000000000007,265702.0
16.85,1.1999999999999993,214832.0
16.85,1.0999999999999996,180217.0
16.85,1.0,145183.0
16.85,0.9000000000000004,117206.0
16.85,0.8000000000000007,95418.0
16.85,0.6999999999999993,73834.0
16.85,0.5999999999999996,58772.0
16.85,0.5,42288.0
16.85,0.40000000000000036,30168.0
16.85,0.3000000000000007,20036.0
16.85,0.1999999999999993,11856.0
16.85,0.09999999999999964,5303.0
16.9,0.0,225.0
16.9,-0.09999999999999964,-4513.0
16.9,3.0,17243564.0
16.9,2.9000000000000004,17321972.0
16.9,2.8,17410036.0
16.9,2.7,17474341.0
16.9,2.5999999999999996,17605353.0
16.9,2.5,17474233.0
16.9,2.4000000000000004,17488391.0
16.9,2.3,13157635.0
16.9,2.2,6727102.0
16.9,2.0999999999999996,5110009.0
16.9,2.0,3592682.0
16.9,1.9000000000000004,2323743.0
16.9,1.8000000000000007,1631007.0
16.9,1.6999999999999993,1184491.0
16.9,1.5999999999999996,846880.0
16.9,1.5,593162.0
16.9,1.4000000000000004,352834.0
16.9,1.3000000000000007,293063.0
16.9,1.1999999999999993,234428.0
16.9,1.0999999999999996,195575.0
16.9,1.0,157490.0
16.9,0.9000000000000004,128097.0
16.9,0.8000000000000007,102953.0
16.9,0.6999999999999993,80123.0
16.9,0.5999999999999996,63909.0
16.9,0.5,46157.0
16.9,0.40000000000000036,32758.0
16.9,0.3000000000000007,21855.0
16.9,0.1999999999999993,13081.0
16.9,0.09999999999999964,5933.0
16.95,0.0,650.0
16.95,-0.09999999999999964,-4659.0
16.95,3.0,17237000.0
16.95,2.9000000000000004,17323008.0
16.95,2.8,17397274.0
16.95,2.7,17475004.0
16.95,2.5999999999999996,17589351.0
16.95,2.5,17485425.0
16.95,2.4000000000000004,17573971.0
16.95,2.3,16877409.0
16.95,2.2,9481398.0
16.95,2.0999999999999996,5796952.0
16.95,2.0,4351069.0
16.95,1.9000000000000004,2821361.0
16.95,1.8000000000000007,1879447.0
16.95,1.6999999999999993,1338937.0
16.95,1.5999999999999996,956704.0
16.95,1.5,676483.0
16.95,1.4000000000000004,457605.0
16.95,1.3000000000000007,327379.0
16.95,1.1999999999999993,257115.0
16.95,1.0999999999999996,213564.0
16.95,1.0,170633.0
16.95,0.9000000000000004,139012.0
16.95,0.8000000000000007,111991.0
16.95,0.6999999999999993,87326.0
16.95,0.5999999999999996,69676.0
16.95,0.5,50414.0
16.95,0.40000000000000036,35684.0
16.95,0.3000000000000007,24166.0
16.95,0.1999999999999993,14598.0
16.95,0.09999999999999964,7123.0
17.0,0.0,1080.0
17.0,-0.09999999999999964,-4548.0
17.0,3.0,17220698.0
17.0,2.9000000000000004,17328580.0
17.0,2.8,17383075.0
17.0,2.7,17462205.0
17.0,2.5999999999999996,17594851.0
17.0,2.5,17482906.0
17.0,2.4000000000000004,17569185.0
17.0,2.3,17606595.0
17.0,2.2,14207852.0
17.0,2.0999999999999996,6884935.0
17.0,2.0,5071226.0
17.0,1.9000000000000004,3484158.0
17.0,1.8000000000000007,2194867.0
17.0,1.6999999999999993,1516683.0
17.0,1.5999999999999996,1081766.0
17.0,1.5,770623.0
17.0,1.4000000000000004,526872.0
17.0,1.3000000000000007,370647.0
17.0,1.1999999999999993,281271.0
17.0,1.0999999999999996,231509.0
17.0,1.0,184744.0
17.0,0.9000000000000004,150127.0
17.0,0.8000000000000007,122510.0
17.0,0.6999999999999993,95163.0
17.0,0.5999999999999996,75752.0
17.0,0.5,55069.0
17.0,0.40000000000000036,38968.0
17.0,0.3000000000000007,26297.0
17.0,0.1999999999999993,15969.0
17.0,0.09999999999999964,8045.0
17.05,0.0,1029.0
17.05,-0.09999999999999964,-4681.0
17.05,3.0,17214584.0
17.05,2.9000000000000004,17314812.0
17.05,2.8,17385432.0
17.05,2.7,17471985.0
17.05,2.5999999999999996,17605008.0
17.05,2.5,17481878.0
17.05,2.4000000000000004,17562896.0
17.05,2.3,17635775.0
17.05,2.2,17111819.0
17.05,2.0999999999999996,9750943.0
17.05,2.0,5753476.0
17.05,1.9000000000000004,4260575.0
17.05,1.8000000000000007,2645768.0
17.05,1.6999999999999993,1732906.0
17.05,1.5999999999999996,1226395.0
17.05,1.5,873214.0
17.05,1.4000000000000004,605790.0
17.05,1.3000000000000007,427415.0
17.05,1.1999999999999993,313233.0
17.05,1.0999999999999996,253029.0
17.05,1.0,201400.0
17.05,0.9000000000000004,163576.0
17.05,0.8000000000000007,132074.0
17.05,0.6999999999999993,102807.0
17.05,0.5999999999999996,82127.0
17.05,0.5,59607.0
17.05,0.40000000000000036,42605.0
17.05,0.3000000000000007,28964.0
17.05,0.1999999999999993,17650.0
17.05,0.09999999999999964,8803.0
17.1,0.0,1689.0
17.1,-0.09999999999999964,-4839.0
17.1,3.0,17204836.0
17.1,2.9000000000000004,17311408.0
17.1,2.8,17379626.0
17.1,2.7,17470977.0
17.1,2.5999999999999996,17586824.0
17.1,2.5,17481420.0
17.1,2.4000000000000004,17573076.0
17.1,2.3,17646632.0
17.1,2.2,17506489.0
17.1,2.0999999999999996,14588616.0
17.1,2.0,6820497.0
17.1,1.9000000000000004,4984810.0
17.1,1.8000000000000007,3265240.0
17.1,1.6999999999999993,2008340.0
17.1,1.5999999999999996,1388411.0
17.1,1.5,987869.0
17.1,1.4000000000000004,689089.0
17.1,1.3000000000000007,490011.0
17.1,1.1999999999999993,354326.0
17.1,1.0999999999999996,280903.0
17.1,1.0,219200.0
17.1,0.9000000000000004,178732.0
17.1,0.8000000000000007,143701.0
17.1,0.6999999999999993,114378.0
17.1,0.5999999999999996,89157.0
17.1,0.5,65308.0
17.1,0.40000000000000036,46574.0
17.1,0.3000000000000007,32024.0
17.1,0.1999999999999993,19527.0
17.1,0.09999999999999964,9735.0
17.15,0.0,2294.0
17.15,-0.09999999999999964,-4891.0
17.15,3.0,17198157.0
17.15,2.9000000000000004,17305524.0
17.15,2.8,17376273.0
17.15,2.7,17467551.0
17.15,2.5999999999999996,17583018.0
17.15,2.5,17484998.0
17.15,2.4000000000000004,17583883.0
17.15,2.3,17632575.0
17.15,2.2,17519936.0
17.15,2.0999999999999996,17209959.0
17.15,2.0,9634487.0
17.15,1.9000000000000004,5654524.0
17.15,1.8000000000000007,4002562.0
17.15,1.6999999999999993,2396438.0
17.15,1.5999999999999996,1569456.0
17.15,1.5,1117230.0
17.15,1.4000000000000004,788112.0
17.15,1.3000000000000007,565325.0
17.15,1.1999999999999993,404175.0
17.15,1.0999999999999996,312590.0
17.15,1.0,239274.0
17.15,0.9000000000000004,194302.0
17.15,0.8000000000000007,155683.0
17.15,0.6999999999999993,123941.0
17.15,0.5999999999999996,97341.0
17.15,0.5,70669.0
17.15,0.40000000000000036,50810.0
17.15,0.3000000000000007,34535.0
17.15,0.1999999999999993,21603.0
17.15,0.09999999999999964,10932.0
17.2,0.0,2763.0
17.2,-0.09999999999999964,-4827.0
17.2,3.0,17209758.0
17.2,2.9000000000000004,17311646.0
17.2,2.8,17367468.0
17.2,2.7,17467994.0
17.2,2.5999999999999996,17578725.0
17.2,2.5,17466657.0
17.2,2.4000000000000004,17571793.0
17.2,2.3,17638762.0
17.2,2.2,17529537.0
17.2,2.0999999999999996,17537788.0
17.2,2.0,14364987.0
17.2,1.9000000000000004,6619169.0
17.2,1.8000000000000007,4754989.0
17.2,1.6999999999999993,2933428.0
17.2,1.5999999999999996,1802681.0
17.2,1.5,1260293.0
17.2,1.4000000000000004,896379.0
17.2,1.3000000000000007,651336.0
17.2,1.1999999999999993,466833.0
17.2,1.0999999999999996,354366.0
17.2,1.0,263092.0
17.2,0.9000000000000004,211346.0
17.2,0.8000000000000007,169352.0
17.2,0.6999999999999993,134814.0
17.2,0.5999999999999996,105691.0
17.2,0.5,77502.0
17.2,0.40000000000000036,55317.0
17.2,0.3000000000000007,37873.0
17.2,0.1999999999999993,24011.0
17.2,0.09999999999999964,12012.0
17.25,0.0,3180.0
17.25,-0.09999999999999964,-5006.0
17.25,3.0,17189001.0
17.25,2.9000000000000004,17289504.0
17.25,2.8,17368699.0
17.25,2.7,17450135.0
17.25,2.5999999999999996,17582851.0
17.25,2.5,17463539.0
17.25,2.4000000000000004,17573977.0
17.25,2.3,17633639.0
17.25,2.2,17516889.0
17.25,2.0999999999999996,17545364.0
17.25,2.0,17121674.0
17.25,1.9000000000000004,9153343.0
17.25,1.8000000000000007,5431611.0
17.25,1.6999999999999993,3629576.0
17.25,1.5999999999999996,2109027.0
17.25,1.5,1428144.0
17.25,1.4000000000000004,1012483.0
17.25,1.3000000000000007,744604.0
17.25,1.1999999999999993,537909.0
17.25,1.0999999999999996,354297.0
17.25,1.0,292286.0
17.25,0.9000000000000004,230884.0
17.25,0.8000000000000007,184499.0
17.25,0.6999999999999993,145510.0
17.25,0.5999999999999996,114779.0
17.25,0.5,83291.0
17.25,0.40000000000000036,60459.0
17.25,0.3000000000000007,40892.0
17.25,0.1999999999999993,25807.0
17.25,0.09999999999999964,13301.0
17.3,0.0,3905.0
17.3,-0.09999999999999964,-5046.0
17.3,3.0,17173375.0
17.3,2.9000000000000004,17285013.0
17.3,2.8,17358679.0
17.3,2.7,17448269.0
17.3,2.5999999999999996,17575327.0
17.3,2.5,17459617.0
17.3,2.4000000000000004,17567074.0
17.3,2.3,17623047.0
17.3,2.2,17509302.0
17.3,2.0999999999999996,17551758.0
17.3,2.0,17492564.0
17.3,1.9000000000000004,13743129.0
17.3,1.8000000000000007,6253903.0
17.3,1.6999999999999993,4393643.0
17.3,1.5999999999999996,2543629.0
17.3,1.5,1624943.0
17.3,1.4000000000000004,1141533.0
17.3,1.3000000000000007,846723.0
17.3,1.1999999999999993,622756.0
17.3,1.0999999999999996,472471.0
17.3,1.0,332593.0
17.3,0.9000000000000004,255175.0
17.3,0.8000000000000007,201455.0
17.3,0.6999999999999993,159488.0
17.3,0.5999999999999996,124517.0
17.3,0.5,90457.0
17.3,0.40000000000000036,65439.0
17.3,0.3000000000000007,44655.0
17.3,0.1999999999999993,28065.0
17.3,0.09999999999999964,14917.0
17.35,0.0,4392.0
17.35,-0.09999999999999964,-5097.0
17.35,3.0,17171212.0
17.35,2.9000000000000004,17283117.0
17.35,2.8,17349066.0
17.35,2.7,17448451.0
17.35,2.5999999999999996,17582634.0
17.35,2.5,17453345.0
17.35,2.4000000000000004,17570318.0
17.35,2.3,17617558.0
17.35,2.2,17519762.0
17.35,2.0999999999999996,17548379.0
17.35,2.0,17501593.0
17.35,1.9000000000000004,16976522.0
17.35,1.8000000000000007,8142862.0
17.35,1.6999999999999993,5098035.0
17.35,1.5999999999999996,3146774.0
17.35,1.5,1875530.0
17.35,1.4000000000000004,1289693.0
17.35,1.3000000000000007,961375.0
17.35,1.1999999999999993,710547.0
17.35,1.0999999999999996,549408.0
17.35,1.0,379791.0
17.35,0.9000000000000004,284510.0
17.35,0.8000000000000007,220598.0
17.35,0.6999999999999993,174078.0
17.35,0.5999999999999996,134781.0
17.35,0.5,99189.0
17.35,0.40000000000000036,71428.0
17.35,0.3000000000000007,48504.0
17.35,0.1999999999999993,30834.0
17.35,0.09999999999999964,16130.0
17.4,0.0,5120.0
17.4,-0.09999999999999964,-5452.0
17.4,3.0,17158716.0
17.4,2.9000000000000004,17198467.0
17.4,2.8,17342672.0
17.4,2.7,17445862.0
17.4,2.5999999999999996,17567191.0
17.4,2.5,17457429.0
17.4,2.4000000000000004,17555485.0
17.4,2.3,17602962.0
17.4,2.2,17511687.0
17.4,2.0999999999999996,17537281.0
17.4,2.0,17494207.0
17.4,1.9000000000000004,17502100.0
17.4,1.8000000000000007,12341775.0
17.4,1.6999999999999993,5793788.0
17.4,1.5999999999999996,3879365.0
17.4,1.5,2208450.0
17.4,1.4000000000000004,1457778.0
17.4,1.3000000000000007,1087030.0
17.4,1.1999999999999993,811173.0
17.4,1.0999999999999996,637661.0
17.4,1.0,439274.0
17.4,0.9000000000000004,323465.0
17.4,0.8000000000000007,242800.0
17.4,0.6999999999999993,190322.0
17.4,0.5999999999999996,147569.0
17.4,0.5,108545.0
17.4,0.40000000000000036,78097.0
17.4,0.3000000000000007,53441.0
17.4,0.1999999999999993,34077.0
17.4,0.09999999999999964,18193.0
17.45,0.0,5973.0
17.45,-0.09999999999999964,-5439.0
17.45,3.0,17149855.0
17.45,2.9000000000000004,17199640.0
17.45,2.8,17322428.0
17.45,2.7,17435065.0
17.45,2.5999999999999996,17559997.0
17.45,2.5,17445854.0
17.45,2.4000000000000004,17537253.0
17.45,2.3,17595275.0
17.45,2.2,17504901.0
17.45,2.0999999999999996,17531573.0
17.45,2.0,17493977.0
17.45,1.9000000000000004,17522889.0
17.45,1.8000000000000007,16367585.0
17.45,1.6999999999999993,7015154.0
17.45,1.5999999999999996,4627625.0
17.45,1.5,2686991.0
17.45,1.4000000000000004,1673016.0
17.45,1.3000000000000007,1226339.0
17.45,1.1999999999999993,919784.0
17.45,1.0999999999999996,735671.0
17.45,1.0,507992.0
17.45,0.9000000000000004,371436.0
17.45,0.8000000000000007,272375.0
17.45,0.6999999999999993,208631.0
17.45,0.5999999999999996,160156.0
17.45,0.5,116909.0
17.45,0.40000000000000036,84133.0
17.45,0.3000000000000007,58271.0
17.45,0.1999999999999993,37228.0
17.45,0.09999999999999964,19975.0
17.5,0.0,6542.0
17.5,-0.09999999999999964,-5845.0
17.5,3.0,17148128.0
17.5,2.9000000000000004,17183355.0
17.5,2.8,17305978.0
17.5,2.7,17437160.0
17.5,2.5999999999999996,17553881.0
17.5,2.5,17433622.0
17.5,2.4000000000000004,17528729.0
17.5,2.3,17587811.0
17.5,2.2,17489277.0
17.5,2.0999999999999996,17531993.0
17.5,2.0,17471155.0
17.5,1.9000000000000004,17517093.0
17.5,1.8000000000000007,17469183.0
17.5,1.6999999999999993,10111225.0
17.5,1.5999999999999996,5299263.0
17.5,1.5,3331373.0
17.5,1.4000000000000004,1936252.0
17.5,1.3000000000000007,1385902.0
17.5,1.1999999999999993,1042701.0
17.5,1.0999999999999996,840866.0
17.5,1.0,590530.0
17.5,0.9000000000000004,430469.0
17.5,0.8000000000000007,311421.0
17.5,0.6999999999999993,231137.0
17.5,0.5999999999999996,175471.0
17.5,0.5,128151.0
17.5,0.40000000000000036,91877.0
17.5,0.3000000000000007,63163.0
17.5,0.1999999999999993,40887.0
17.5,0.09999999999999964,21453.0
17.55,0.0,7745.0
17.55,-0.09999999999999964,-5855.0
17.55,3.0,17139017.0
17.55,2.9000000000000004,17189270.0
17.55,2.8,17296105.0
17.55,2.7,17425101.0
17.55,2.5999999999999996,17549535.0
17.55,2.5,17432939.0
17.55,2.4000000000000004,17522347.0
17.55,2.3,17565732.0
17.55,2.2,17471915.0
17.55,2.0999999999999996,17515280.0
17.55,2.0,17478099.0
17.55,1.9000000000000004,17513106.0
17.55,1.8000000000000007,17555509.0
17.55,1.6999999999999993,14697498.0
17.55,1.5999999999999996,6096879.0
17.55,1.5,4078878.0
17.55,1.4000000000000004,2302328.0
17.55,1.3000000000000007,1578789.0
17.55,1.1999999999999993,1168086.0
17.55,1.0999999999999996,960631.0
17.55,1.0,674996.0
17.55,0.9000000000000004,496114.0
17.55,0.8000000000000007,356233.0
17.55,0.6999999999999993,259230.0
17.55,0.5999999999999996,193500.0
17.55,0.5,139552.0
17.55,0.40000000000000036,100214.0
17.55,0.3000000000000007,68980.0
17.55,0.1999999999999993,44745.0
17.55,0.09999999999999964,24173.0
17.6,0.0,8761.0
17.6,-0.09999999999999964,-6072.0
17.6,3.0,17127313.0
17.6,2.9000000000000004,17175610.0
17.6,2.8,17293072.0
17.6,2.7,17422452.0
17.6,2.5999999999999996,17529664.0
17.6,2.5,17421821.0
17.6,2.4000000000000004,17509693.0
17.6,2.3,17556103.0
17.6,2.2,17467177.0
17.6,2.0999999999999996,17505188.0
17.6,2.0,17468888.0
17.6,1.9000000000000004,17508337.0
17.6,1.8000000000000007,17539701.0
17.6,1.6999999999999993,17136698.0
17.6,1.5999999999999996,7851195.0
17.6,1.5,4804359.0
17.6,1.4000000000000004,2823802.0
17.6,1.3000000000000007,1819728.0
17.6,1.1999999999999993,1328367.0
17.6,1.0999999999999996,1089009.0
17.6,1.0,776805.0
17.6,0.9000000000000004,573832.0
17.6,0.8000000000000007,356106.0
17.6,0.6999999999999993,297150.0
17.6,0.5999999999999996,215865.0
17.6,0.5,153219.0
17.6,0.40000000000000036,109963.0
17.6,0.3000000000000007,75237.0
17.6,0.1999999999999993,48593.0
17.6,0.09999999999999964,26235.0
17.65,0.0,9862.0
17.65,-0.09999999999999964,-6216.0
17.65,3.0,17108678.0
17.65,2.9000000000000004,17169818.0
17.65,2.8,17282406.0
17.65,2.7,17405744.0
17.65,2.5999999999999996,17522173.0
17.65,2.5,17416564.0
17.65,2.4000000000000004,17504565.0
17.65,2.3,17527580.0
17.65,2.2,17454330.0
17.65,2.0999999999999996,17496734.0
17.65,2.0,17464763.0
17.65,1.9000000000000004,17502908.0
17.65,1.8000000000000007,17535292.0
17.65,1.6999999999999993,17471727.0
17.65,1.5999999999999996,11660485.0
17.65,1.5,5499199.0
17.65,1.4000000000000004,3504943.0
17.65,1.3000000000000007,2136362.0
17.65,1.1999999999999993,1509289.0
17.65,1.0999999999999996,1237408.0
17.65,1.0,897233.0
17.65,0.9000000000000004,661129.0
17.65,0.8000000000000007,482301.0
17.65,0.6999999999999993,344606.0
17.65,0.5999999999999996,243410.0
17.65,0.5,169913.0
17.65,0.40000000000000036,120535.0
17.65,0.3000000000000007,81676.0
17.65,0.1999999999999993,52605.0
17.65,0.09999999999999964,28858.0
17.7,0.0,10973.0
17.7,-0.09999999999999964,-6467.0
17.7,3.0,17107114.0
17.7,2.9000000000000004,17152522.0
17.7,2.8,17270621.0
17.7,2.7,17386808.0
17.7,2.5999999999999996,17504938.0
17.7,2.5,17406471.0
17.7,2.4000000000000004,17506441.0
17.7,2.3,17512975.0
17.7,2.2,17443645.0
17.7,2.0999999999999996,17485783.0
17.7,2.0,17446179.0
17.7,1.9000000000000004,17490362.0
17.7,1.8000000000000007,17523225.0
17.7,1.6999999999999993,17484580.0
17.7,1.5999999999999996,15718986.0
17.7,1.5,6460675.0
17.7,1.4000000000000004,4275820.0
17.7,1.3000000000000007,2585659.0
17.7,1.1999999999999993,1731240.0
17.7,1.0999999999999996,1396140.0
17.7,1.0,1014048.0
17.7,0.9000000000000004,756018.0
17.7,0.8000000000000007,557505.0
17.7,0.6999999999999993,401515.0
17.7,0.5999999999999996,282047.0
17.7,0.5,190001.0
17.7,0.40000000000000036,132563.0
17.7,0.3000000000000007,89664.0
17.7,0.1999999999999993,57978.0
17.7,0.09999999999999964,31865.0
17.75,0.0,12389.0
17.75,-0.09999999999999964,-6383.0
17.75,3.0,17089834.0
17.75,2.9000000000000004,17147089.0
17.75,2.8,17255941.0
17.75,2.7,17389730.0
17.75,2.5999999999999996,17500826.0
17.75,2.5,17393607.0
17.75,2.4000000000000004,17496834.0
17.75,2.3,17502972.0
17.75,2.2,17434632.0
17.75,2.0999999999999996,17476662.0
17.75,2.0,17442670.0
17.75,1.9000000000000004,17471588.0
17.75,1.8000000000000007,17510428.0
17.75,1.6999999999999993,17476122.0
17.75,1.5999999999999996,17259290.0
17.75,1.5,8776987.0
17.75,1.4000000000000004,4981066.0
17.75,1.3000000000000007,3194069.0
17.75,1.1999999999999993,2017718.0
17.75,1.0999999999999996,1582812.0
17.75,1.0,1147800.0
17.75,0.9000000000000004,860689.0
17.75,0.8000000000000007,643076.0
17.75,0.6999999999999993,466516.0
17.75,0.5999999999999996,329906.0
17.75,0.5,215537.0
17.75,0.40000000000000036,147111.0
17.75,0.3000000000000007,99338.0
17.75,0.1999999999999993,63978.0
17.75,0.09999999999999964,35106.0
17.8,0.0,13846.0
17.8,-0.09999999999999964,-6729.0
17.8,3.0,17085306.0
17.8,2.9000000000000004,17129003.0
17.8,2.8,17238602.0
17.8,2.7,17369708.0
17.8,2.5999999999999996,17488820.0
17.8,2.5,17393258.0
17.8,2.4000000000000004,17475878.0
17.8,2.3,17487096.0
17.8,2.2,17427906.0
17.8,2.0999999999999996,17455717.0
17.8,2.0,17429071.0
17.8,1.9000000000000004,17474733.0
17.8,1.8000000000000007,17495058.0
17.8,1.6999999999999993,17466890.0
17.8,1.5999999999999996,17429934.0
17.8,1.5,13038911.0
17.8,1.4000000000000004,5672202.0
17.8,1.3000000000000007,3946538.0
17.8,1.1999999999999993,2441953.0
17.8,1.0999999999999996,1760312.0
17.8,1.0,1296666.0
17.8,0.9000000000000004,977028.0
17.8,0.8000000000000007,737460.0
17.8,0.6999999999999993,541509.0
17.8,0.5999999999999996,389018.0
17.8,0.5,248824.0
17.8,0.40000000000000036,165592.0
17.8,0.3000000000000007,110921.0
17.8,0.1999999999999993,70682.0
17.8,0.09999999999999964,38724.0
17.85,0.0,15795.0
17.85,-0.09999999999999964,-6959.0
17.85,3.0,17066864.0
17.85,2.9000000000000004,17123465.0
17.85,2.8,17229395.0
17.85,2.7,17355247.0
17.85,2.5999999999999996,17466696.0
17.85,2.5,17377499.0
17.85,2.4000000000000004,17471645.0
17.85,2.3,17473970.0
17.85,2.2,17402259.0
17.85,2.0999999999999996,17447418.0
17.85,2.0,17418630.0
17.85,1.9000000000000004,17454188.0
17.85,1.8000000000000007,17475160.0
17.85,1.6999999999999993,17447594.0
17.85,1.5999999999999996,17440884.0
17.85,1.5,16494348.0
17.85,1.4000000000000004,6830520.0
17.85,1.3000000000000007,4695812.0
17.85,1.1999999999999993,3011108.0
17.85,1.0999999999999996,2047198.0
17.85,1.0,1475416.0
17.85,0.9000000000000004,1110381.0
17.85,0.8000000000000007,841097.0
17.85,0.6999999999999993,622276.0
17.85,0.5999999999999996,453175.0
17.85,0.5,291569.0
17.85,0.40000000000000036,193784.0
17.85,0.3000000000000007,127268.0
17.85,0.1999999999999993,79406.0
17.85,0.09999999999999964,43609.0
17.9,0.0,17873.0
17.9,-0.09999999999999964,-7359.0
17.9,3.0,17053729.0
17.9,2.9000000000000004,17116208.0
17.9,2.8,17215612.0
17.9,2.7,17336935.0
17.9,2.5999999999999996,17458008.0
17.9,2.5,17361740.0
17.9,2.4000000000000004,17449499.0
17.9,2.3,17451877.0
17.9,2.2,17392464.0
17.9,2.0999999999999996,17429572.0
17.9,2.0,17389886.0
17.9,1.9000000000000004,17433342.0
17.9,1.8000000000000007,17461664.0
17.9,1.6999999999999993,17438766.0
17.9,1.5999999999999996,17430287.0
17.9,1.5,17358363.0
17.9,1.4000000000000004,9652839.0
17.9,1.3000000000000007,5371210.0
17.9,1.1999999999999993,3739463.0
17.9,1.0999999999999996,2431497.0
17.9,1.0,1700222.0
17.9,0.9000000000000004,1259505.0
17.9,0.8000000000000007,955301.0
17.9,0.6999999999999993,715901.0
17.9,0.5999999999999996,527999.0
17.9,0.5,292353.0
17.9,0.40000000000000036,226429.0
17.9,0.3000000000000007,147598.0
17.9,0.1999999999999993,92686.0
17.9,0.09999999999999964,50426.0
17.95,0.0,21413.0
17.95,-0.09999999999999964,-7832.0
17.95,3.0,17031339.0
17.95,2.9000000000000004,17095028.0
17.95,2.8,17201704.0
17.95,2.7,17328286.0
17.95,2.5999999999999996,17431380.0
17.95,2.5,17349816.0
17.95,2.4000000000000004,17425864.0
17.95,2.3,17428941.0
17.95,2.2,17375878.0
17.95,2.0999999999999996,17400648.0
17.95,2.0,17361708.0
17.95,1.9000000000000004,17419679.0
17.95,1.8000000000000007,17448913.0
17.95,1.6999999999999993,17428599.0
17.95,1.5999999999999996,17421118.0
17.95,1.5,17432682.0
17.95,1.4000000000000004,14255428.0
17.95,1.3000000000000007,6169275.0
17.95,1.1999999999999993,4518046.0
17.95,1.0999999999999996,3009804.0
17.95,1.0,1987095.0
17.95,0.9000000000000004,1435386.0
17.95,0.8000000000000007,1089054.0
17.95,0.6999999999999993,818678.0
17.95,0.5999999999999996,611068.0
17.95,0.5,401588.0
17.95,0.40000000000000036,269836.0
17.95,0.3000000000000007,176049.0
17.95,0.1999999999999993,109668.0
17.95,0.09999999999999964,59955.0
18.0,0.0,27292.0
18.0,-0.09999999999999964,-8414.0
18.0,3.0,17040723.0
18.0,2.9000000000000004,17062922.0
18.0,2.8,17186047.0
18.0,2.7,17313037.0
18.0,2.5999999999999996,17406678.0
18.0,2.5,17333259.0
18.0,2.4000000000000004,17419666.0
18.0,2.3,17415058.0
18.0,2.2,17360034.0
18.0,2.0999999999999996,17394882.0
18.0,2.0,17345252.0
18.0,1.9000000000000004,17401969.0
18.0,1.8000000000000007,17430812.0
18.0,1.6999999999999993,17405550.0
18.0,1.5999999999999996,17394943.0
18.0,1.5,17411271.0
18.0,1.4000000000000004,17020028.0
18.0,1.3000000000000007,8014086.0
18.0,1.1999999999999993,5237054.0
18.0,1.0999999999999996,3787404.0
18.0,1.0,2375488.0
18.0,0.9000000000000004,1655376.0
18.0,0.8000000000000007,1233428.0
18.0,0.6999999999999993,930496.0
18.0,0.5999999999999996,703965.0
18.0,0.5,466973.0
18.0,0.40000000000000036,320294.0
18.0,0.3000000000000007,212177.0
18.0,0.1999999999999993,133819.0
18.0,0.09999999999999964,72971.0
18.05,0.0,34501.0
18.05,-0.09999999999999964,-9648.0
18.05,3.0,17003128.0
18.05,2.9000000000000004,17054804.0
18.05,2.8,17183487.0
18.05,2.7,17297011.0
18.05,2.5999999999999996,17399805.0
18.05,2.5,17309894.0
18.05,2.4000000000000004,17396641.0
18.05,2.3,17392250.0
18.05,2.2,17334628.0
18.05,2.0999999999999996,17376924.0
18.05,2.0,17337584.0
18.05,1.9000000000000004,17393719.0
18.05,1.8000000000000007,17399515.0
18.05,1.6999999999999993,17379978.0
18.05,1.5999999999999996,17377333.0
18.05,1.5,17383945.0
18.05,1.4000000000000004,17446977.0
18.05,1.3000000000000007,12243268.0
18.05,1.1999999999999993,5942688.0
18.05,1.0999999999999996,4588134.0
18.05,1.0,2952088.0
18.05,0.9000000000000004,1949288.0
18.05,0.8000000000000007,1416826.0
18.05,0.6999999999999993,1061669.0
18.05,0.5999999999999996,805619.0
18.05,0.5,540396.0
18.05,0.40000000000000036,375582.0
18.05,0.3000000000000007,254378.0
18.05,0.1999999999999993,161890.0
18.05,0.09999999999999964,89261.0
18.1,0.0,43490.0
18.1,-0.09999999999999964,-10880.0
18.1,3.0,16973363.0
18.1,2.9000000000000004,17038352.0
18.1,2.8,17157534.0
18.1,2.7,17260564.0
18.1,2.5999999999999996,17363950.0
18.1,2.5,17285596.0
18.1,2.4000000000000004,17372304.0
18.1,2.3,17368084.0
18.1,2.2,17315880.0
18.1,2.0999999999999996,17350510.0
18.1,2.0,17305905.0
18.1,1.9000000000000004,17383140.0
18.1,1.8000000000000007,17380197.0
18.1,1.6999999999999993,17362400.0
18.1,1.5999999999999996,17368270.0
18.1,1.5,17357529.0
18.1,1.4000000000000004,17445868.0
18.1,1.3000000000000007,16365258.0
18.1,1.1999999999999993,7380721.0
18.1,1.0999999999999996,5302182.0
18.1,1.0,3679957.0
18.1,0.9000000000000004,2364314.0
18.1,0.8000000000000007,1638951.0
18.1,0.6999999999999993,1211363.0
18.1,0.5999999999999996,918841.0
18.1,0.5,618336.0
18.1,0.40000000000000036,435679.0
18.1,0.3000000000000007,299415.0
18.1,0.1999999999999993,195369.0
18.1,0.09999999999999964,109657.0
18.15,0.0,53768.0
18.15,-0.09999999999999964,-12864.0
18.15,3.0,16940393.0
18.15,2.9000000000000004,17002280.0
18.15,2.8,17117277.0
18.15,2.7,17247562.0
18.15,2.5999999999999996,17322936.0
18.15,2.5,17260152.0
18.15,2.4000000000000004,17356679.0
18.15,2.3,17301580.0
18.15,2.2,17279419.0
18.15,2.0999999999999996,17332701.0
18.15,2.0,17282906.0
18.15,1.9000000000000004,17348154.0
18.15,1.8000000000000007,17352513.0
18.15,1.6999999999999993,17335071.0
18.15,1.5999999999999996,17320411.0
18.15,1.5,17336279.0
18.15,1.4000000000000004,17413322.0
18.15,1.3000000000000007,17498210.0
18.15,1.1999999999999993,11034932.0
18.15,1.0999999999999996,6012261.0
18.15,1.0,4456090.0
18.15,0.9000000000000004,2946266.0
18.15,0.8000000000000007,1941733.0
18.15,0.6999999999999993,1389365.0
18.15,0.5999999999999996,1040128.0
18.15,0.5,705543.0
18.15,0.40000000000000036,499318.0
18.15,0.3000000000000007,346510.0
18.15,0.1999999999999993,228460.0
18.15,0.09999999999999964,129083.0
18.2,0.0,63319.0
18.2,-0.09999999999999964,-14599.0
18.2,3.0,16912161.0
18.2,2.9000000000000004,16974391.0
18.2,2.8,17082046.0
18.2,2.7,17207708.0
18.2,2.5999999999999996,17093897.0
18.2,2.5,17222884.0
18.2,2.4000000000000004,17317854.0
18.2,2.3,17256990.0
18.2,2.2,17267776.0
18.2,2.0999999999999996,17301234.0
18.2,2.0,17251084.0
18.2,1.9000000000000004,17312774.0
18.2,1.8000000000000007,17335977.0
18.2,1.6999999999999993,17293685.0
18.2,1.5999999999999996,17295274.0
18.2,1.5,17311327.0
18.2,1.4000000000000004,17388756.0
18.2,1.3000000000000007,17551865.0
18.2,1.1999999999999993,15679460.0
18.2,1.0999999999999996,7295990.0
18.2,1.0,5144293.0
18.2,0.9000000000000004,3670674.0
18.2,0.8000000000000007,2375857.0
18.2,0.6999999999999993,1615054.0
18.2,0.5999999999999996,1174866.0
18.2,0.5,799647.0
18.2,0.40000000000000036,565758.0
18.2,0.3000000000000007,391070.0
18.2,0.1999999999999993,259563.0
18.2,0.09999999999999964,146851.0
18.25,0.0,70907.0
18.25,-0.09999999999999964,-15972.0
18.25,3.0,16872514.0
18.25,2.9000000000000004,16939104.0
18.25,2.8,17049409.0
18.25,2.7,17185362.0
18.25,2.5999999999999996,17021960.0
18.25,2.5,17202749.0
18.25,2.4000000000000004,17279125.0
18.25,2.3,17215646.0
18.25,2.2,17266110.0
18.25,2.0999999999999996,17257949.0
18.25,2.0,17218688.0
18.25,1.9000000000000004,17273882.0
18.25,1.8000000000000007,17279960.0
18.25,1.6999999999999993,17252394.0
18.25,1.5999999999999996,17264823.0
18.25,1.5,17272022.0
18.25,1.4000000000000004,17345545.0
18.25,1.3000000000000007,17528664.0
18.25,1.1999999999999993,17547915.0
18.25,1.0999999999999996,10683918.0
18.25,1.0,5841446.0
18.25,0.9000000000000004,4428011.0
18.25,0.8000000000000007,2965553.0
18.25,0.6999999999999993,1917191.0
18.25,0.5999999999999996,1347090.0
18.25,0.5,906232.0
18.25,0.40000000000000036,640093.0
18.25,0.3000000000000007,441607.0
18.25,0.1999999999999993,258378.0
18.25,0.09999999999999964,164062.0
18.3,0.0,78007.0
18.3,-0.09999999999999964,-17324.0
18.3,3.0,16823964.0
18.3,2.9000000000000004,16896929.0
18.3,2.8,17001081.0
18.3,2.7,17179098.0
18.3,2.5999999999999996,16981538.0
18.3,2.5,17143926.0
18.3,2.4000000000000004,17240269.0
18.3,2.3,17163984.0
18.3,2.2,17241792.0
18.3,2.0999999999999996,17215444.0
18.3,2.0,17162289.0
18.3,1.9000000000000004,17226777.0
18.3,1.8000000000000007,17231938.0
18.3,1.6999999999999993,17206753.0
18.3,1.5999999999999996,17214982.0
18.3,1.5,17212155.0
18.3,1.4000000000000004,17304920.0
18.3,1.3000000000000007,17475298.0
18.3,1.1999999999999993,17907093.0
18.3,1.0999999999999996,15456705.0
18.3,1.0,7206919.0
18.3,0.9000000000000004,5085434.0
18.3,0.8000000000000007,3693191.0
18.3,0.6999999999999993,2343741.0
18.3,0.5999999999999996,1557539.0
18.3,0.5,1032754.0
18.3,0.40000000000000036,717392.0
18.3,0.3000000000000007,492169.0
18.3,0.1999999999999993,320134.0
18.3,0.09999999999999964,181898.0
18.35,0.0,86450.0
18.35,-0.09999999999999964,-18726.0
18.35,3.0,16773472.0
18.35,2.9000000000000004,16830886.0
18.35,2.8,16946919.0
18.35,2.7,17075482.0
18.35,2.5999999999999996,16924705.0
18.35,2.5,17111413.0
18.35,2.4000000000000004,17189718.0
18.35,2.3,17123484.0
18.35,2.2,17183245.0
18.35,2.0999999999999996,17169854.0
18.35,2.0,17120560.0
18.35,1.9000000000000004,17159480.0
18.35,1.8000000000000007,17174649.0
18.35,1.6999999999999993,17154118.0
18.35,1.5999999999999996,17147986.0
18.35,1.5,17154923.0
18.35,1.4000000000000004,17240431.0
18.35,1.3000000000000007,17411585.0
18.35,1.1999999999999993,17885990.0
18.35,1.0999999999999996,17701084.0
18.35,1.0,10794671.0
18.35,0.9000000000000004,5782980.0
18.35,0.8000000000000007,4406921.0
18.35,0.6999999999999993,2949561.0
18.35,0.5999999999999996,1863271.0
18.35,0.5,1196476.0
18.35,0.40000000000000036,810458.0
18.35,0.3000000000000007,558338.0
18.35,0.1999999999999993,357901.0
18.35,0.09999999999999964,203120.0
18.4,0.0,96662.0
18.4,-0.09999999999999964,-20106.0
18.4,3.0,16701881.0
18.4,2.9000000000000004,16758304.0
18.4,2.8,16875640.0
18.4,2.7,17004380.0
18.4,2.5999999999999996,16865432.0
18.4,2.5,17049371.0
18.4,2.4000000000000004,17131242.0
18.4,2.3,17062908.0
18.4,2.2,17123675.0
18.4,2.0999999999999996,17086220.0
18.4,2.0,17037924.0
18.4,1.9000000000000004,17095987.0
18.4,1.8000000000000007,17103983.0
18.4,1.6999999999999993,17090950.0
18.4,1.5999999999999996,17064976.0
18.4,1.5,17079533.0
18.4,1.4000000000000004,17168970.0
18.4,1.3000000000000007,17347619.0
18.4,1.1999999999999993,17812694.0
18.4,1.0999999999999996,17879052.0
18.4,1.0,15650243.0
18.4,0.9000000000000004,7298104.0
18.4,0.8000000000000007,5034439.0
18.4,0.6999999999999993,3668106.0
18.4,0.5999999999999996,2307470.0
18.4,0.5,1414439.0
18.4,0.40000000000000036,927376.0
18.4,0.3000000000000007,663351.0
18.4,0.1999999999999993,401316.0
18.4,0.09999999999999964,228027.0
18.45,0.0,108189.0
18.45,-0.09999999999999964,-21932.0
18.45,3.0,16608033.0
18.45,2.9000000000000004,16683765.0
18.45,2.8,16795824.0
18.45,2.7,16921380.0
18.45,2.5999999999999996,16797625.0
18.45,2.5,16966810.0
18.45,2.4000000000000004,17062483.0
18.45,2.3,16984915.0
18.45,2.2,17048418.0
18.45,2.0999999999999996,17020307.0
18.45,2.0,16966782.0
18.45,1.9000000000000004,17030255.0
18.45,1.8000000000000007,17019645.0
18.45,1.6999999999999993,16996324.0
18.45,1.5999999999999996,16988053.0
18.45,1.5,17002416.0
18.45,1.4000000000000004,17090757.0
18.45,1.3000000000000007,17339066.0
18.45,1.1999999999999993,17703905.0
18.45,1.0999999999999996,17779582.0
18.45,1.0,17510110.0
18.45,0.9000000000000004,11168929.0
18.45,0.8000000000000007,5733083.0
18.45,0.6999999999999993,4367541.0
18.45,0.5999999999999996,2929850.0
18.45,0.5,1742560.0
18.45,0.40000000000000036,1087601.0
18.45,0.3000000000000007,751128.0
18.45,0.1999999999999993,457126.0
18.45,0.09999999999999964,257442.0
18.5,0.0,121051.0
18.5,-0.09999999999999964,-24404.0
18.5,3.0,16530736.0
18.5,2.9000000000000004,16590842.0
18.5,2.8,16709054.0
18.5,2.7,16831355.0
18.5,2.5999999999999996,16714181.0
18.5,2.5,16882533.0
18.5,2.4000000000000004,16977425.0
18.5,2.3,16894497.0
18.5,2.2,16950036.0
18.5,2.0999999999999996,16918032.0
18.5,2.0,16875405.0
18.5,1.9000000000000004,16925753.0
18.5,1.8000000000000007,16926356.0
18.5,1.6999999999999993,16907154.0
18.5,1.5999999999999996,16915984.0
18.5,1.5,16917911.0
18.5,1.4000000000000004,17001667.0
18.5,1.3000000000000007,17149738.0
18.5,1.1999999999999993,17601090.0
18.5,1.0999999999999996,17682248.0
18.5,1.0,17591710.0
18.5,0.9000000000000004,15863155.0
18.5,0.8000000000000007,7394491.0
18.5,0.6999999999999993,4968138.0
18.5,0.5999999999999996,3636810.0
18.5,0.5,2226183.0
18.5,0.40000000000000036,1323800.0
18.5,0.3000000000000007,867317.0
18.5,0.1999999999999993,528551.0
18.5,0.09999999999999964,295434.0
18.55,0.0,138248.0
18.55,-0.09999999999999964,-27699.0
18.55,3.0,16414074.0
18.55,2.9000000000000004,16488356.0
18.55,2.8,16607561.0
18.55,2.7,16725816.0
18.55,2.5999999999999996,16623292.0
18.55,2.5,16788147.0
18.55,2.4000000000000004,16887979.0
18.55,2.3,16831534.0
18.55,2.2,16860171.0
18.55,2.0999999999999996,16821582.0
18.55,2.0,16790537.0
18.55,1.9000000000000004,16835041.0
18.55,1.8000000000000007,16837493.0
18.55,1.6999999999999993,16818500.0
18.55,1.5999999999999996,16806580.0
18.55,1.5,16814353.0
18.55,1.4000000000000004,16899235.0
18.55,1.3000000000000007,17041122.0
18.55,1.1999999999999993,17462390.0
18.55,1.0999999999999996,17576259.0
18.55,1.0,17493320.0
18.55,0.9000000000000004,17377769.0
18.55,0.8000000000000007,11574120.0
18.55,0.6999999999999993,5722641.0
18.55,0.5999999999999996,4295857.0
18.55,0.5,2873936.0
18.55,0.40000000000000036,1694724.0
18.55,0.3000000000000007,1043150.0
18.55,0.1999999999999993,643381.0
18.55,0.09999999999999964,348670.0
18.6,0.0,160798.0
18.6,-0.09999999999999964,-28276.0
18.6,3.0,16318842.0
18.6,2.9000000000000004,16375117.0
18.6,2.8,16496710.0
18.6,2.7,16624897.0
18.6,2.5999999999999996,16509875.0
18.6,2.5,16687282.0
18.6,2.4000000000000004,16778335.0
18.6,2.3,16745246.0
18.6,2.2,16744620.0
18.6,2.0999999999999996,16715522.0
18.6,2.0,16680091.0
18.6,1.9000000000000004,16712582.0
18.6,1.8000000000000007,16729713.0
18.6,1.6999999999999993,16702447.0
18.6,1.5999999999999996,16693534.0
18.6,1.5,16700949.0
18.6,1.4000000000000004,16780148.0
18.6,1.3000000000000007,16928219.0
18.6,1.1999999999999993,17333054.0
18.6,1.0999999999999996,17443984.0
18.6,1.0,17379512.0
18.6,0.9000000000000004,17395283.0
18.6,0.8000000000000007,16045723.0
18.6,0.6999999999999993,7695725.0
18.6,0.5999999999999996,4882736.0
18.6,0.5,3547725.0
18.6,0.40000000000000036,2228471.0
18.6,0.3000000000000007,1321500.0
18.6,0.1999999999999993,802408.0
18.6,0.09999999999999964,431201.0
18.65,0.0,196070.0
18.65,-0.09999999999999964,-36434.0
18.65,3.0,16184815.0
18.65,2.9000000000000004,16248686.0
18.65,2.8,16370981.0
18.65,2.7,16492464.0
18.65,2.5999999999999996,16400160.0
18.65,2.5,16574729.0
18.65,2.4000000000000004,16784100.0
18.65,2.3,16633796.0
18.65,2.2,16619428.0
18.65,2.0999999999999996,16590511.0
18.65,2.0,16544810.0
18.65,1.9000000000000004,16591249.0
18.65,1.8000000000000007,16597460.0
18.65,1.6999999999999993,16583853.0
18.65,1.5999999999999996,16579354.0
18.65,1.5,16578118.0
18.65,1.4000000000000004,16661405.0
18.65,1.3000000000000007,16799714.0
18.65,1.1999999999999993,17208456.0
18.65,1.0999999999999996,17302107.0
18.65,1.0,17245712.0
18.65,0.9000000000000004,17279174.0
18.65,0.8000000000000007,17259491.0
18.65,0.6999999999999993,12146218.0
18.65,0.5999999999999996,5779593.0
18.65,0.5,4114655.0
18.65,0.40000000000000036,2861280.0
18.65,0.3000000000000007,1748838.0
18.65,0.1999999999999993,1063740.0
18.65,0.09999999999999964,561489.0
18.7,0.0,257096.0
18.7,-0.09999999999999964,-42257.0
18.7,3.0,16051553.0
18.7,2.9000000000000004,16110099.0
18.7,2.8,16236025.0
18.7,2.7,16361874.0
18.7,2.5999999999999996,16290874.0
18.7,2.5,16441345.0
18.7,2.4000000000000004,16541838.0
18.7,2.3,16502501.0
18.7,2.2,16491989.0
18.7,2.0999999999999996,16462327.0
18.7,2.0,16422261.0
18.7,1.9000000000000004,16465477.0
18.7,1.8000000000000007,16476365.0
18.7,1.6999999999999993,16447347.0
18.7,1.5999999999999996,16449960.0
18.7,1.5,16442069.0
18.7,1.4000000000000004,16525009.0
18.7,1.3000000000000007,16652933.0
18.7,1.1999999999999993,17049810.0
18.7,1.0999999999999996,17137456.0
18.7,1.0,17087667.0
18.7,0.9000000000000004,17120620.0
18.7,0.8000000000000007,17217328.0
18.7,0.6999999999999993,16199108.0
18.7,0.5999999999999996,8331752.0
18.7,0.5,4661351.0
18.7,0.40000000000000036,3459219.0
18.7,0.3000000000000007,2325988.0
18.7,0.1999999999999993,1466242.0
18.7,0.09999999999999964,774732.0
18.75,0.0,355431.0
18.75,-0.09999999999999964,-53342.0
18.75,3.0,15903076.0
18.75,2.9000000000000004,15963365.0
18.75,2.8,16088279.0
18.75,2.7,16213982.0
18.75,2.5999999999999996,16155799.0
18.75,2.5,16305703.0
18.75,2.4000000000000004,16402617.0
18.75,2.3,16359768.0
18.75,2.2,16344314.0
18.75,2.0999999999999996,16313333.0
18.75,2.0,16271251.0
18.75,1.9000000000000004,16310580.0
18.75,1.8000000000000007,16323104.0
18.75,1.6999999999999993,16293825.0
18.75,1.5999999999999996,16293658.0
18.75,1.5,16290460.0
18.75,1.4000000000000004,16374172.0
18.75,1.3000000000000007,16498443.0
18.75,1.1999999999999993,16864885.0
18.75,1.0999999999999996,16964443.0
18.75,1.0,16933277.0
18.75,0.9000000000000004,16953432.0
18.75,0.8000000000000007,17054022.0
18.75,0.6999999999999993,17017038.0
18.75,0.5999999999999996,13101236.0
18.75,0.5,5770742.0
18.75,0.40000000000000036,3931391.0
18.75,0.3000000000000007,2906230.0
18.75,0.1999999999999993,1959698.0
18.75,0.09999999999999964,1086355.0
18.8,0.0,508976.0
18.8,-0.09999999999999964,-74745.0
18.8,3.0,15734460.0
18.8,2.9000000000000004,15798204.0
18.8,2.8,15922129.0
18.8,2.7,16050657.0
18.8,2.5999999999999996,15997557.0
18.8,2.5,16150264.0
18.8,2.4000000000000004,16248286.0
18.8,2.3,16204345.0
18.8,2.2,16180072.0
18.8,2.0999999999999996,16142235.0
18.8,2.0,16101827.0
18.8,1.9000000000000004,16137259.0
18.8,1.8000000000000007,16143756.0
18.8,1.6999999999999993,16117262.0
18.8,1.5999999999999996,16114968.0
18.8,1.5,16097492.0
18.8,1.4000000000000004,16203220.0
18.8,1.3000000000000007,16308417.0
18.8,1.1999999999999993,16659759.0
18.8,1.0999999999999996,16750736.0
18.8,1.0,16935561.0
18.8,0.9000000000000004,16774464.0
18.8,0.8000000000000007,16848182.0
18.8,0.6999999999999993,16877869.0
18.8,0.5999999999999996,16273636.0
18.8,0.5,8949132.0
18.8,0.40000000000000036,4472413.0
18.8,0.3000000000000007,3341559.0
18.8,0.1999999999999993,2359768.0
18.8,0.09999999999999964,1400751.0
18.85,0.0,659334.0
18.85,-0.09999999999999964,-102024.0
18.85,3.0,15532653.0
18.85,2.9000000000000004,15608021.0
18.85,2.8,15738943.0
18.85,2.7,15850342.0
18.85,2.5999999999999996,15829425.0
18.85,2.5,15953125.0
18.85,2.4000000000000004,16059439.0
18.85,2.3,16011744.0
18.85,2.2,15987431.0
18.85,2.0999999999999996,15957627.0
18.85,2.0,15901853.0
18.85,1.9000000000000004,15938600.0
18.85,1.8000000000000007,15946325.0
18.85,1.6999999999999993,15907749.0
18.85,1.5999999999999996,15899864.0
18.85,1.5,15884471.0
18.85,1.4000000000000004,15975700.0
18.85,1.3000000000000007,16079647.0
18.85,1.1999999999999993,16409698.0
18.85,1.0999999999999996,16519775.0
18.85,1.0,16494959.0
18.85,0.9000000000000004,16516590.0
18.85,0.8000000000000007,16595448.0
18.85,0.6999999999999993,16618793.0
18.85,0.5999999999999996,16553998.0
18.85,0.5,13718802.0
18.85,0.40000000000000036,5973859.0
18.85,0.3000000000000007,3626181.0
18.85,0.1999999999999993,2477120.0
18.85,0.09999999999999964,1522384.0
18.9,0.0,692099.0
18.9,-0.09999999999999964,-126719.0
18.9,3.0,15281089.0
18.9,2.9000000000000004,15372207.0
18.9,2.8,15499284.0
18.9,2.7,15626633.0
18.9,2.5999999999999996,15588800.0
18.9,2.5,15733655.0
18.9,2.4000000000000004,15829449.0
18.9,2.3,15753988.0
18.9,2.2,15749616.0
18.9,2.0999999999999996,15702805.0
18.9,2.0,15663631.0
18.9,1.9000000000000004,15683805.0
18.9,1.8000000000000007,15689288.0
18.9,1.6999999999999993,15640933.0
18.9,1.5999999999999996,15636926.0
18.9,1.5,15611960.0
18.9,1.4000000000000004,15692000.0
18.9,1.3000000000000007,15790760.0
18.9,1.1999999999999993,16108634.0
18.9,1.0999999999999996,16212260.0
18.9,1.0,16174227.0
18.9,0.9000000000000004,16185099.0
18.9,0.8000000000000007,16254345.0
18.9,0.6999999999999993,16262367.0
18.9,0.5999999999999996,16216703.0
18.9,0.5,15627280.0
18.9,0.40000000000000036,9986261.0
18.9,0.3000000000000007,4265641.0
18.9,0.1999999999999993,2453767.0
18.9,0.09999999999999964,1415097.0
18.95,0.0,606987.0
18.95,-0.09999999999999964,-128162.0
18.95,3.0,14959458.0
18.95,2.9000000000000004,15046705.0
18.95,2.8,15190465.0
18.95,2.7,15328499.0
18.95,2.5999999999999996,15289178.0
18.95,2.5,15441141.0
18.95,2.4000000000000004,15527186.0
18.95,2.3,15438587.0
18.95,2.2,15413722.0
18.95,2.0999999999999996,15385322.0
18.95,2.0,15324240.0
18.95,1.9000000000000004,15339349.0
18.95,1.8000000000000007,15336125.0
18.95,1.6999999999999993,15280993.0
18.95,1.5999999999999996,15262915.0
18.95,1.5,15237500.0
18.95,1.4000000000000004,15312988.0
18.95,1.3000000000000007,15394546.0
18.95,1.1999999999999993,15697899.0
18.95,1.0999999999999996,15775078.0
18.95,1.0,15731456.0
18.95,0.9000000000000004,15727372.0
18.95,0.8000000000000007,15791062.0
18.95,0.6999999999999993,15775381.0
18.95,0.5999999999999996,15680135.0
18.95,0.5,15260446.0
18.95,0.40000000000000036,13821768.0
18.95,0.3000000000000007,7075994.0
18.95,0.1999999999999993,3078602.0
18.95,0.09999999999999964,1365948.0
19.0,0.0,599614.0
19.0,-0.09999999999999964,-111427.0
19.0,3.0,14504228.0
19.0,2.9000000000000004,14597421.0
19.0,2.8,14755088.0
19.0,2.7,14897291.0
19.0,2.5999999999999996,14877155.0
19.0,2.5,15024340.0
19.0,2.4000000000000004,15122651.0
19.0,2.3,14989655.0
19.0,2.2,14966452.0
19.0,2.0999999999999996,15397786.0
19.0,2.0,14859533.0
19.0,1.9000000000000004,14867583.0
19.0,1.8000000000000007,14838748.0
19.0,1.6999999999999993,14782066.0
19.0,1.5999999999999996,14742221.0
19.0,1.5,14710309.0
19.0,1.4000000000000004,14768108.0
19.0,1.3000000000000007,14829299.0
19.0,1.1999999999999993,15102529.0
19.0,1.0999999999999996,15186804.0
19.0,1.0,15129405.0
19.0,0.9000000000000004,15082765.0
19.0,0.8000000000000007,15144621.0
19.0,0.6999999999999993,15091270.0
19.0,0.5999999999999996,14975641.0
19.0,0.5,14517885.0
19.0,0.40000000000000036,14136244.0
19.0,0.3000000000000007,11733004.0
19.0,0.1999999999999993,6608918.0
19.0,0.09999999999999964,2233195.0
19.05,0.0,1097819.0
19.05,-0.09999999999999964,-117350.0
19.05,3.0,13886057.0
19.05,2.9000000000000004,14009931.0
19.05,2.8,14151912.0
19.05,2.7,14310430.0
19.05,2.5999999999999996,14306568.0
19.05,2.5,14455437.0
19.05,2.4000000000000004,14539860.0
19.05,2.3,14374149.0
19.05,2.2,14330446.0
19.05,2.0999999999999996,14317211.0
19.05,2.0,14223714.0
19.05,1.9000000000000004,14206331.0
19.05,1.8000000000000007,14169109.0
19.05,1.6999999999999993,14103521.0
19.05,1.5999999999999996,14048296.0
19.05,1.5,13996247.0
19.05,1.4000000000000004,14055803.0
19.05,1.3000000000000007,14106052.0
19.05,1.1999999999999993,14337303.0
19.05,1.0999999999999996,14413414.0
19.05,1.0,14341417.0
19.05,0.9000000000000004,14309023.0
19.05,0.8000000000000007,14347918.0
19.05,0.6999999999999993,14299029.0
19.05,0.5999999999999996,14161202.0
19.05,0.5,13737339.0
19.05,0.40000000000000036,13449569.0
19.05,0.3000000000000007,13075554.0
19.05,0.1999999999999993,11140884.0
19.05,0.09999999999999964,5903735.0
19.1,0.0,3267504.0
19.1,-0.09999999999999964,-249050.0
19.1,3.0,13135794.0
19.1,2.9000000000000004,13248524.0
19.1,2.8,13412148.0
19.1,2.7,13574038.0
19.1,2.5999999999999996,13580370.0
19.1,2.5,13717942.0
19.1,2.4000000000000004,13795199.0
19.1,2.3,13638741.0
19.1,2.2,13589850.0
19.1,2.0999999999999996,13554248.0
19.1,2.0,13478319.0
19.1,1.9000000000000004,13440543.0
19.1,1.8000000000000007,13393092.0
19.1,1.6999999999999993,13326542.0
19.1,1.5999999999999996,13287478.0
19.1,1.5,13233289.0
19.1,1.4000000000000004,13290859.0
19.1,1.3000000000000007,13329358.0
19.1,1.1999999999999993,13539625.0
19.1,1.0999999999999996,13600192.0
19.1,1.0,13545025.0
19.1,0.9000000000000004,13518743.0
19.1,0.8000000000000007,13563355.0
19.1,0.6999999999999993,14280435.0
19.1,0.5999999999999996,13400343.0
19.1,0.5,13036024.0
19.1,0.40000000000000036,12767640.0
19.1,0.3000000000000007,12468085.0
19.1,0.1999999999999993,11273672.0
19.1,0.09999999999999964,9098300.0
19.15,0.0,4428451.0
19.15,-0.09999999999999964,-723951.0
19.15,3.0,12393521.0
19.15,2.9000000000000004,12490824.0
19.15,2.8,12662489.0
19.15,2.7,12807912.0
19.15,2.5999999999999996,12841382.0
19.15,2.5,12948578.0
19.15,2.4000000000000004,13044985.0
19.15,2.3,12890616.0
19.15,2.2,12829195.0
19.15,2.0999999999999996,12796281.0
19.15,2.0,12726605.0
19.15,1.9000000000000004,12714525.0
19.15,1.8000000000000007,12662035.0
19.15,1.6999999999999993,12604462.0
19.15,1.5999999999999996,12565193.0
19.15,1.5,12524755.0
19.15,1.4000000000000004,12579082.0
19.15,1.3000000000000007,12612068.0
19.15,1.1999999999999993,12793345.0
19.15,1.0999999999999996,12850600.0
19.15,1.0,12836148.0
19.15,0.9000000000000004,12805695.0
19.15,0.8000000000000007,12856989.0
19.15,0.6999999999999993,12790951.0
19.15,0.5999999999999996,12705852.0
19.15,0.5,12289309.0
19.15,0.40000000000000036,11854525.0
19.15,0.3000000000000007,11070634.0
19.15,0.1999999999999993,8142510.0
19.15,0.09999999999999964,5686042.0
19.2,0.0,1366340.0
19.2,-0.09999999999999964,-770379.0
19.2,3.0,11719705.0
19.2,2.9000000000000004,11816836.0
19.2,2.8,11966237.0
19.2,2.7,12118581.0
19.2,2.5999999999999996,12152993.0
19.2,2.5,12261194.0
19.2,2.4000000000000004,12345955.0
19.2,2.3,12188256.0
19.2,2.2,12142614.0
19.2,2.0999999999999996,12109945.0
19.2,2.0,12043019.0
19.2,1.9000000000000004,12038808.0
19.2,1.8000000000000007,11981423.0
19.2,1.6999999999999993,11921044.0
19.2,1.5999999999999996,11872155.0
19.2,1.5,11818206.0
19.2,1.4000000000000004,11866648.0
19.2,1.3000000000000007,11883560.0
19.2,1.1999999999999993,12037337.0
19.2,1.0999999999999996,12072010.0
19.2,1.0,12025018.0
19.2,0.9000000000000004,11987410.0
19.2,0.8000000000000007,12007304.0
19.2,0.6999999999999993,11876421.0
19.2,0.5999999999999996,11625701.0
19.2,0.5,10771973.0
19.2,0.40000000000000036,9514050.0
19.2,0.3000000000000007,7328355.0
19.2,0.1999999999999993,3032932.0
19.2,0.09999999999999964,1268498.0
19.25,0.0,103884.0
19.25,-0.09999999999999964,-128489.0
19.25,3.0,10865581.0
19.25,2.9000000000000004,11012670.0
19.25,2.8,11181570.0
19.25,2.7,11356285.0
19.25,2.5999999999999996,11407890.0
19.25,2.5,11506965.0
19.25,2.4000000000000004,11606251.0
19.25,2.3,11390856.0
19.25,2.2,11316205.0
19.25,2.0999999999999996,11299795.0
19.25,2.0,11191949.0
19.25,1.9000000000000004,11137650.0
19.25,1.8000000000000007,11032991.0
19.25,1.6999999999999993,10901313.0
19.25,1.5999999999999996,10798740.0
19.25,1.5,10655572.0
19.25,1.4000000000000004,10655981.0
19.25,1.3000000000000007,10552549.0
19.25,1.1999999999999993,10606303.0
19.25,1.0999999999999996,10534311.0
19.25,1.0,10417351.0
19.25,0.9000000000000004,10171789.0
19.25,0.8000000000000007,10073564.0
19.25,0.6999999999999993,9631549.0
19.25,0.5999999999999996,8859549.0
19.25,0.5,6893982.0
19.25,0.40000000000000036,4774238.0
19.25,0.3000000000000007,2443435.0
19.25,0.1999999999999993,430850.0
19.25,0.09999999999999964,100275.0
19.3,0.0,7417.0
19.3,-0.09999999999999964,-6867.0
19.3,3.0,8801657.0
19.3,2.9000000000000004,9097469.0
19.3,2.8,9445702.0
19.3,2.7,9713159.0
19.3,2.5999999999999996,9870440.0
19.3,2.5,10032038.0
19.3,2.4000000000000004,10135823.0
19.3,2.3,9571105.0
19.3,2.2,9359133.0
19.3,2.0999999999999996,9396344.0
19.3,2.0,9135076.0
19.3,1.9000000000000004,8898484.0
19.3,1.8000000000000007,11027957.0
19.3,1.6999999999999993,8279872.0
19.3,1.5999999999999996,7992076.0
19.3,1.5,7689575.0
19.3,1.4000000000000004,7611223.0
19.3,1.3000000000000007,7199657.0
19.3,1.1999999999999993,7069170.0
19.3,1.0999999999999996,6831042.0
19.3,1.0,6540697.0
19.3,0.9000000000000004,6064971.0
19.3,0.8000000000000007,5791601.0
19.3,0.6999999999999993,4955435.0
19.3,0.5999999999999996,3931152.0
19.3,0.5,2129339.0
19.3,0.40000000000000036,966679.0
19.3,0.3000000000000007,289095.0
19.3,0.1999999999999993,31437.0
19.3,0.09999999999999964,9814.0
19.35,0.0,2038.0
19.35,-0.09999999999999964,-884.0
19.35,3.0,4521060.0
19.35,2.9000000000000004,5000779.0
19.35,2.8,5468414.0
19.35,2.7,5910279.0
19.35,2.5999999999999996,6135360.0
19.35,2.5,6353112.0
19.35,2.4000000000000004,6537770.0
19.35,2.3,5507940.0
19.35,2.2,5143855.0
19.35,2.0999999999999996,5131064.0
19.35,2.0,4822860.0
19.35,1.9000000000000004,4472212.0
19.35,1.8000000000000007,4018738.0
19.35,1.6999999999999993,3623621.0
19.35,1.5999999999999996,3360155.0
19.35,1.5,2993319.0
19.35,1.4000000000000004,2911251.0
19.35,1.3000000000000007,2490988.0
19.35,1.1999999999999993,2305230.0
19.35,1.0999999999999996,2172174.0
19.35,1.0,1830438.0
19.35,0.9000000000000004,1580695.0
19.35,0.8000000000000007,1400404.0
19.35,0.6999999999999993,1009221.0
19.35,0.5999999999999996,626463.0
19.35,0.5,217415.0
19.35,0.40000000000000036,74540.0
19.35,0.3000000000000007,23143.0
19.35,0.1999999999999993,6351.0
19.35,0.09999999999999964,3439.0
19.4,0.0,1046.0
19.4,-0.09999999999999964,-312.0
19.4,3.0,906703.0
19.4,2.9000000000000004,1115193.0
19.4,2.8,1378853.0
19.4,2.7,1610388.0
19.4,2.5999999999999996,1751636.0
19.4,2.5,1849975.0
19.4,2.4000000000000004,2065028.0
19.4,2.3,1331244.0
19.4,2.2,1204709.0
19.4,2.0999999999999996,1181981.0
19.4,2.0,1004881.0
19.4,1.9000000000000004,848438.0
19.4,1.8000000000000007,709268.0
19.4,1.6999999999999993,584948.0
19.4,1.5999999999999996,503235.0
19.4,1.5,407117.0
19.4,1.4000000000000004,382821.0
19.4,1.3000000000000007,299806.0
19.4,1.1999999999999993,251496.0
19.4,1.0999999999999996,220669.0
19.4,1.0,175680.0
19.4,0.9000000000000004,138825.0
19.4,0.8000000000000007,119740.0
19.4,0.6999999999999993,81589.0
19.4,0.5999999999999996,46031.0
19.4,0.5,19217.0
19.4,0.40000000000000036,10615.0
19.4,0.3000000000000007,6037.0
19.4,0.1999999999999993,3159.0
19.4,0.09999999999999964,1947.0
19.45,0.0,622.0
19.45,-0.09999999999999964,-156.0
19.45,3.0,73782.0
19.45,2.9000000000000004,92365.0
19.45,2.8,119626.0
19.45,2.7,150563.0
19.45,2.5999999999999996,165389.0
19.45,2.5,179608.0
19.45,2.4000000000000004,208216.0
19.45,2.3,114883.0
19.45,2.2,98740.0
19.45,2.0999999999999996,96652.0
19.45,2.0,76923.0
19.45,1.9000000000000004,65362.0
19.45,1.8000000000000007,53053.0
19.45,1.6999999999999993,44774.0
19.45,1.5999999999999996,37613.0
19.45,1.5,31070.0
19.45,1.4000000000000004,29205.0
19.45,1.3000000000000007,23740.0
19.45,1.1999999999999993,21734.0
19.45,1.0999999999999996,19389.0
19.45,1.0,17341.0
19.45,0.9000000000000004,14249.0
19.45,0.8000000000000007,13376.0
19.45,0.6999999999999993,11342.0
19.45,0.5999999999999996,8910.0
19.45,0.5,6245.0
19.45,0.40000000000000036,10183.0
19.45,0.3000000000000007,3200.0
19.45,0.1999999999999993,1803.0
19.45,0.09999999999999964,1127.0
19.5,0.0,366.0
19.5,-0.09999999999999964,-120.0
19.5,3.0,13541.0
19.5,2.9000000000000004,101052.0
19.5,2.8,15869.0
19.5,2.7,17688.0
19.5,2.5999999999999996,18848.0
19.5,2.5,19137.0
19.5,2.4000000000000004,20043.0
19.5,2.3,15091.0
19.5,2.2,14377.0
19.5,2.0999999999999996,13811.0
19.5,2.0,12736.0
19.5,1.9000000000000004,11908.0
19.5,1.8000000000000007,10716.0
19.5,1.6999999999999993,9989.0
19.5,1.5999999999999996,9388.0
19.5,1.5,8709.0
19.5,1.4000000000000004,8358.0
19.5,1.3000000000000007,7761.0
19.5,1.1999999999999993,7190.0
19.5,1.0999999999999996,6883.0
19.5,1.0,6382.0
19.5,0.9000000000000004,5898.0
19.5,0.8000000000000007,5587.0
19.5,0.6999999999999993,5046.0
19.5,0.5999999999999996,4352.0
19.5,0.5,3420.0
19.5,0.40000000000000036,2666.0
19.5,0.3000000000000007,1957.0
19.5,0.1999999999999993,1212.0
19.5,0.09999999999999964,670.0
19.55,0.0,188.0
19.55,-0.09999999999999964,-101.0
19.55,3.0,8329.0
19.55,2.9000000000000004,8477.0
19.55,2.8,8539.0
19.55,2.7,8727.0
19.55,2.5999999999999996,8448.0
19.55,2.5,8510.0
19.55,2.4000000000000004,8599.0
19.55,2.3,7869.0
19.55,2.2,7631.0
19.55,2.0999999999999996,7446.0
19.55,2.0,7117.0
19.55,1.9000000000000004,6723.0
19.55,1.8000000000000007,6375.0
19.55,1.6999999999999993,5885.0
19.55,1.5999999999999996,5623.0
19.55,1.5,5340.0
19.55,1.4000000000000004,5242.0
19.55,1.3000000000000007,4688.0
19.55,1.1999999999999993,4409.0
19.55,1.0999999999999996,4408.0
19.55,1.0,3967.0
19.55,0.9000000000000004,3646.0
19.55,0.8000000000000007,3372.0
19.55,0.6999999999999993,3181.0
19.55,0.5999999999999996,2673.0
19.55,0.5,2167.0
19.55,0.40000000000000036,1695.0
19.55,0.3000000000000007,1214.0
19.55,0.1999999999999993,674.0
19.55,0.09999999999999964,394.0
19.6,0.0,110.0
19.6,-0.09999999999999964,-77.0
19.6,3.0,6468.0
19.6,2.9000000000000004,6450.0
19.6,2.8,6380.0
19.6,2.7,6373.0
19.6,2.5999999999999996,6238.0
19.6,2.5,6103.0
19.6,2.4000000000000004,5950.0
19.6,2.3,5749.0
19.6,2.2,5484.0
19.6,2.0999999999999996,5337.0
19.6,2.0,5334.0
19.6,1.9000000000000004,4923.0
19.6,1.8000000000000007,4643.0
19.6,1.6999999999999993,4454.0
19.6,1.5999999999999996,4179.0
19.6,1.5,3839.0
19.6,1.4000000000000004,3739.0
19.6,1.3000000000000007,3303.0
19.6,1.1999999999999993,3170.0
19.6,1.0999999999999996,2960.0
19.6,1.0,2640.0
19.6,0.9000000000000004,2468.0
19.6,0.8000000000000007,2227.0
19.6,0.6999999999999993,1978.0
19.6,0.5999999999999996,1789.0
19.6,0.5,1377.0
19.6,0.40000000000000036,986.0
19.6,0.3000000000000007,726.0
19.6,0.1999999999999993,424.0
19.6,0.09999999999999964,236.0
19.65,0.0,72.0
19.65,-0.09999999999999964,-57.0
19.65,3.0,5393.0
19.65,2.9000000000000004,5376.0
19.65,2.8,5308.0
19.65,2.7,5245.0
19.65,2.5999999999999996,5015.0
19.65,2.5,4906.0
19.65,2.4000000000000004,4848.0
19.65,2.3,4561.0
19.65,2.2,4382.0
19.65,2.0999999999999996,4216.0
19.65,2.0,4171.0
19.65,1.9000000000000004,3908.0
19.65,1.8000000000000007,3677.0
19.65,1.6999999999999993,3557.0
19.65,1.5999999999999996,3246.0
19.65,1.5,3908.0
19.65,1.4000000000000004,2943.0
19.65,1.3000000000000007,2554.0
19.65,1.1999999999999993,2297.0
19.65,1.0999999999999996,2169.0
19.65,1.0,1955.0
19.65,0.9000000000000004,1848.0
19.65,0.8000000000000007,1708.0
19.65,0.6999999999999993,1407.0
19.65,0.5999999999999996,1176.0
19.65,0.5,908.0
19.65,0.40000000000000036,737.0
19.65,0.3000000000000007,505.0
19.65,0.1999999999999993,287.0
19.65,0.09999999999999964,149.0
19.7,0.0,48.0
19.7,-0.09999999999999964,-54.0
19.7,3.0,4977.0
19.7,2.9000000000000004,4709.0
19.7,2.8,4636.0
19.7,2.7,4546.0
19.7,2.5999999999999996,4244.0
19.7,2.5,4214.0
19.7,2.4000000000000004,4139.0
19.7,2.3,3830.0
19.7,2.2,3654.0
19.7,2.0999999999999996,3536.0
19.7,2.0,3638.0
19.7,1.9000000000000004,3328.0
19.7,1.8000000000000007,3208.0
19.7,1.6999999999999993,3032.0
19.7,1.5999999999999996,2705.0
19.7,1.5,2664.0
19.7,1.4000000000000004,2370.0
19.7,1.3000000000000007,2069.0
19.7,1.1999999999999993,1907.0
19.7,1.0999999999999996,1856.0
19.7,1.0,1610.0
19.7,0.9000000000000004,1433.0
19.7,0.8000000000000007,1245.0
19.7,0.6999999999999993,1030.0
19.7,0.5999999999999996,902.0
19.7,0.5,715.0
19.7,0.40000000000000036,547.0
19.7,0.3000000000000007,355.0
19.7,0.1999999999999993,219.0
19.7,0.09999999999999964,113.0
19.75,0.0,12.0
19.75,-0.09999999999999964,-57.0
19.75,3.0,4620.0
19.75,2.9000000000000004,4369.0
19.75,2.8,4232.0
19.75,2.7,4190.0
19.75,2.5999999999999996,3871.0
19.75,2.5,3857.0
19.75,2.4000000000000004,3745.0
19.75,2.3,3501.0
19.75,2.2,3338.0
19.75,2.0999999999999996,3277.0
19.75,2.0,3270.0
19.75,1.9000000000000004,3036.0
19.75,1.8000000000000007,2811.0
19.75,1.6999999999999993,2498.0
19.75,1.5999999999999996,2444.0
19.75,1.5,2410.0
19.75,1.4000000000000004,2151.0
19.75,1.3000000000000007,1875.0
19.75,1.1999999999999993,1678.0
19.75,1.0999999999999996,1566.0
19.75,1.0,1341.0
19.75,0.9000000000000004,1168.0
19.75,0.8000000000000007,1086.0
19.75,0.6999999999999993,915.0
19.75,0.5999999999999996,783.0
19.75,0.5,595.0
19.75,0.40000000000000036,436.0
19.75,0.3000000000000007,278.0
19.75,0.1999999999999993,195.0
19.75,0.09999999999999964,83.0
19.8,0.0,14.0
19.8,-0.09999999999999964,-46.0
19.8,3.0,4390.0
19.8,2.9000000000000004,4257.0
19.8,2.8,4146.0
19.8,2.7,3990.0
19.8,2.5999999999999996,3684.0
19.8,2.5,3610.0
19.8,2.4000000000000004,3381.0
19.8,2.3,3335.0
19.8,2.2,3231.0
19.8,2.0999999999999996,3104.0
19.8,2.0,2999.0
19.8,1.9000000000000004,2959.0
19.8,1.8000000000000007,2765.0
19.8,1.6999999999999993,2493.0
19.8,1.5999999999999996,2321.0
19.8,1.5,2174.0
19.8,1.4000000000000004,2000.0
19.8,1.3000000000000007,1805.0
19.8,1.1999999999999993,1558.0
19.8,1.0999999999999996,1363.0
19.8,1.0,1227.0
19.8,0.9000000000000004,1071.0
19.8,0.8000000000000007,941.0
19.8,0.6999999999999993,833.0
19.8,0.5999999999999996,631.0
19.8,0.5,515.0
19.8,0.40000000000000036,437.0
19.8,0.3000000000000007,250.0
19.8,0.1999999999999993,140.0
19.8,0.09999999999999964,91.0
19.85,0.0,14.0
19.85,-0.09999999999999964,-48.0
19.85,3.0,4469.0
19.85,2.9000000000000004,4021.0
19.85,2.8,4030.0
19.85,2.7,3789.0
19.85,2.5999999999999996,3697.0
19.85,2.5,3440.0
19.85,2.4000000000000004,3447.0
19.85,2.3,3188.0
19.85,2.2,3190.0
19.85,2.0999999999999996,3040.0
19.85,2.0,2940.0
19.85,1.9000000000000004,2711.0
19.85,1.8000000000000007,2588.0
19.85,1.6999999999999993,2382.0
19.85,1.5999999999999996,2216.0
19.85,1.5,2054.0
19.85,1.4000000000000004,1916.0
19.85,1.3000000000000007,1638.0
19.85,1.1999999999999993,1476.0
19.85,1.0999999999999996,1378.0
19.85,1.0,1185.0
19.85,0.9000000000000004,1005.0
19.85,0.8000000000000007,898.0
19.85,0.6999999999999993,754.0
19.85,0.5999999999999996,625.0
19.85,0.5,494.0
19.85,0.40000000000000036,388.0
19.85,0.3000000000000007,255.0
19.85,0.1999999999999993,159.0
19.85,0.09999999999999964,78.0
19.9,0.0,3.0
19.9,-0.09999999999999964,-52.0
19.9,3.0,4239.0
19.9,2.9000000000000004,3961.0
19.9,2.8,3957.0
19.9,2.7,3773.0
19.9,2.5999999999999996,3606.0
19.9,2.5,3230.0
19.9,2.4000000000000004,3258.0
19.9,2.3,3160.0
19.9,2.2,2988.0
19.9,2.0999999999999996,3014.0
19.9,2.0,2860.0
19.9,1.9000000000000004,2683.0
19.9,1.8000000000000007,2535.0
19.9,1.6999999999999993,2350.0
19.9,1.5999999999999996,2203.0
19.9,1.5,2081.0
19.9,1.4000000000000004,1881.0
19.9,1.3000000000000007,1662.0
19.9,1.1999999999999993,1518.0
19.9,1.0999999999999996,1339.0
19.9,1.0,1156.0
19.9,0.9000000000000004,996.0
19.9,0.8000000000000007,842.0
19.9,0.6999999999999993,774.0
19.9,0.5999999999999996,561.0
19.9,0.5,471.0
19.9,0.40000000000000036,368.0
19.9,0.3000000000000007,228.0
19.9,0.1999999999999993,155.0
19.9,0.09999999999999964,84.0
19.95,0.0,1.0
19.95,-0.09999999999999964,-48.0
19.95,3.0,4244.0
19.95,2.9000000000000004,4052.0
19.95,2.8,3854.0
19.95,2.7,3778.0
19.95,2.5999999999999996,3439.0
19.95,2.5,3312.0
19.95,2.4000000000000004,3210.0
19.95,2.3,3164.0
19.95,2.2,3018.0
19.95,2.0999999999999996,3058.0
19.95,2.0,2820.0
19.95,1.9000000000000004,2733.0
19.95,1.8000000000000007,2471.0
19.95,1.6999999999999993,2425.0
19.95,1.5999999999999996,2164.0
19.95,1.5,2090.0
19.95,1.4000000000000004,1934.0
19.95,1.3000000000000007,1586.0
19.95,1.1999999999999993,1485.0
19.95,1.0999999999999996,1333.0
19.95,1.0,1127.0
19.95,0.9000000000000004,959.0
19.95,0.8000000000000007,893.0
19.95,0.6999999999999993,690.0
19.95,0.5999999999999996,601.0
19.95,0.5,437.0
19.95,0.40000000000000036,372.0
19.95,0.3000000000000007,216.0
19.95,0.1999999999999993,145.0
19.95,0.09999999999999964,65.0
20.0,0.0,5.0
20.0,-0.09999999999999964,-40.0
20.0,3.0,4224.0
20.0,2.9000000000000004,3996.0
20.0,2.8,3900.0
20.0,2.7,3844.0
20.0,2.5999999999999996,3476.0
20.0,2.5,3238.0
20.0,2.4000000000000004,3325.0
20.0,2.3,3203.0
20.0,2.2,3040.0
20.0,2.0999999999999996,2833.0
20.0,2.0,2851.0
20.0,1.9000000000000004,2793.0
20.0,1.8000000000000007,2479.0
20.0,1.6999999999999993,2302.0
20.0,1.5999999999999996,2143.0
20.0,1.5,2022.0
20.0,1.4000000000000004,1834.0
20.0,1.3000000000000007,1625.0
20.0,1.1999999999999993,1427.0
20.0,1.0999999999999996,1362.0
20.0,1.0,1115.0
20.0,0.9000000000000004,1032.0
20.0,0.8000000000000007,851.0
20.0,0.6999999999999993,703.0
20.0,0.5999999999999996,583.0
20.0,0.5,466.0
20.0,0.40000000000000036,375.0
20.0,0.3000000000000007,267.0
20.0,0.1999999999999993,165.0
20.0,0.09999999999999964,82.0
20.05,0.0,8.0
20.05,-0.09999999999999964,-59.0
20.05,3.0,4252.0
20.05,2.9000000000000004,4073.0
20.05,2.8,3946.0
20.05,2.7,3877.0
20.05,2.5999999999999996,3402.0
20.05,2.5,3391.0
20.05,2.4000000000000004,3334.0
20.05,2.3,3223.0
20.05,2.2,3019.0
20.05,2.0999999999999996,2989.0
20.05,2.0,2854.0
20.05,1.9000000000000004,2738.0
20.05,1.8000000000000007,2550.0
20.05,1.6999999999999993,2336.0
20.05,1.5999999999999996,2269.0
20.05,1.5,2080.0
20.05,1.4000000000000004,1859.0
20.05,1.3000000000000007,1696.0
20.05,1.1999999999999993,1444.0
20.05,1.0999999999999996,1324.0
20.05,1.0,1112.0
20.05,0.9000000000000004,999.0
20.05,0.8000000000000007,837.0
20.05,0.6999999999999993,680.0
20.05,0.5999999999999996,623.0
20.05,0.5,448.0
20.05,0.40000000000000036,383.0
20.05,0.3000000000000007,247.0
20.05,0.1999999999999993,158.0
20.05,0.09999999999999964,91.0
20.1,0.0,14.0
20.1,-0.09999999999999964,-45.0
20.1,3.0,4270.0
20.1,2.9000000000000004,4042.0
20.1,2.8,3862.0
20.1,2.7,3804.0
20.1,2.5999999999999996,3542.0
20.1,2.5,3347.0
20.1,2.4000000000000004,3267.0
20.1,2.3,3146.0
20.1,2.2,2971.0
20.1,2.0999999999999996,2900.0
20.1,2.0,2796.0
20.1,1.9000000000000004,2585.0
20.1,1.8000000000000007,2478.0
20.1,1.6999999999999993,2394.0
20.1,1.5999999999999996,2247.0
20.1,1.5,2021.0
20.1,1.4000000000000004,1909.0
20.1,1.3000000000000007,1616.0
20.1,1.1999999999999993,1499.0
20.1,1.0999999999999996,1274.0
20.1,1.0,1115.0
20.1,0.9000000000000004,1046.0
20.1,0.8000000000000007,815.0
20.1,0.6999999999999993,695.0
20.1,0.5999999999999996,579.0
20.1,0.5,487.0
20.1,0.40000000000000036,404.0
20.1,0.3000000000000007,265.0
20.1,0.1999999999999993,180.0
20.1,0.09999999999999964,102.0
20.15,0.0,16.0
20.15,-0.09999999999999964,-45.0
20.15,3.0,4254.0
20.15,2.9000000000000004,3873.0
20.15,2.8,3936.0
20.15,2.7,3776.0
20.15,2.5999999999999996,3454.0
20.15,2.5,3444.0
20.15,2.4000000000000004,3142.0
20.15,2.3,3095.0
20.15,2.2,3105.0
20.15,2.0999999999999996,2886.0
20.15,2.0,2795.0
20.15,1.9000000000000004,2717.0
20.15,1.8000000000000007,2628.0
20.15,1.6999999999999993,2286.0
20.15,1.5999999999999996,2205.0
20.15,1.5,2101.0
20.15,1.4000000000000004,1802.0
20.15,1.3000000000000007,1582.0
20.15,1.1999999999999993,1467.0
20.15,1.0999999999999996,1324.0
20.15,1.0,1183.0
20.15,0.9000000000000004,1010.0
20.15,0.8000000000000007,845.0
20.15,0.6999999999999993,704.0
20.15,0.5999999999999996,606.0
20.15,0.5,451.0
20.15,0.40000000000000036,368.0
20.15,0.3000000000000007,270.0
20.15,0.1999999999999993,144.0
20.15,0.09999999999999964,49.0
20.2,0.0,-9.0
20.2,-0.09999999999999964,-45.0
20.2,3.0,4241.0
20.2,2.9000000000000004,4144.0
20.2,2.8,3902.0
20.2,2.7,3738.0
20.2,2.5999999999999996,3571.0
20.2,2.5,3417.0
20.2,2.4000000000000004,3345.0
20.2,2.3,3110.0
20.2,2.2,2989.0
20.2,2.0999999999999996,3036.0
20.2,2.0,2720.0
20.2,1.9000000000000004,2690.0
20.2,1.8000000000000007,2446.0
20.2,1.6999999999999993,2360.0
20.2,1.5999999999999996,2121.0
20.2,1.5,2047.0
20.2,1.4000000000000004,1862.0
20.2,1.3000000000000007,1647.0
20.2,1.1999999999999993,1384.0
20.2,1.0999999999999996,1332.0
20.2,1.0,1138.0
20.2,0.9000000000000004,1051.0
20.2,0.8000000000000007,866.0
20.2,0.6999999999999993,741.0
20.2,0.5999999999999996,609.0
20.2,0.5,443.0
20.2,0.40000000000000036,388.0
20.2,0.3000000000000007,231.0
20.2,0.1999999999999993,149.0
20.2,0.09999999999999964,67.0
20.25,0.0,11.0
20.25,-0.09999999999999964,-53.0
20.25,3.0,4141.0
20.25,2.9000000000000004,3923.0
20.25,2.8,3862.0
20.25,2.7,3697.0
20.25,2.5999999999999996,3477.0
20.25,2.5,3356.0
20.25,2.4000000000000004,3331.0
20.25,2.3,3140.0
20.25,2.2,2988.0
20.25,2.0999999999999996,3066.0
20.25,2.0,2841.0
20.25,1.9000000000000004,2741.0
20.25,1.8000000000000007,2485.0
20.25,1.6999999999999993,2313.0
20.25,1.5999999999999996,2285.0
20.25,1.5,2052.0
20.25,1.4000000000000004,1897.0
20.25,1.3000000000000007,1624.0
20.25,1.1999999999999993,1438.0
20.25,1.0999999999999996,1238.0
20.25,1.0,1138.0
20.25,0.9000000000000004,986.0
20.25,0.8000000000000007,872.0
20.25,0.6999999999999993,705.0
20.25,0.5999999999999996,609.0
20.25,0.5,438.0
20.25,0.40000000000000036,375.0
20.25,0.3000000000000007,259.0
20.25,0.1999999999999993,175.0
20.25,0.09999999999999964,112.0
20.3,0.0,2.0
20.3,-0.09999999999999964,-57.0
20.3,3.0,4260.0
20.3,2.9000000000000004,3978.0
20.3,2.8,3843.0
20.3,2.7,3680.0
20.3,2.5999999999999996,3539.0
20.3,2.5,3369.0
20.3,2.4000000000000004,3396.0
20.3,2.3,3146.0
20.3,2.2,3123.0
20.3,2.0999999999999996,3097.0
20.3,2.0,2873.0
20.3,1.9000000000000004,2665.0
20.3,1.8000000000000007,2472.0
20.3,1.6999999999999993,2441.0
20.3,1.5999999999999996,2149.0
20.3,1.5,2055.0
20.3,1.4000000000000004,1905.0
20.3,1.3000000000000007,1668.0
20.3,1.1999999999999993,1476.0
20.3,1.0999999999999996,1309.0
20.3,1.0,1119.0
20.3,0.9000000000000004,1054.0
20.3,0.8000000000000007,822.0
20.3,0.6999999999999993,704.0
20.3,0.5999999999999996,606.0
20.3,0.5,418.0
20.3,0.40000000000000036,353.0
20.3,0.3000000000000007,230.0
20.3,0.1999999999999993,158.0
20.3,0.09999999999999964,66.0
20.35,0.0,20.0
20.35,-0.09999999999999964,-30.0
20.35,3.0,4269.0
20.35,2.9000000000000004,4101.0
20.35,2.8,3910.0
20.35,2.7,3702.0
20.35,2.5999999999999996,3536.0
20.35,2.5,3319.0
20.35,2.4000000000000004,3190.0
20.35,2.3,3105.0
20.35,2.2,3066.0
20.35,2.0999999999999996,2973.0
20.35,2.0,2872.0
20.35,1.9000000000000004,2677.0
20.35,1.8000000000000007,2395.0
20.35,1.6999999999999993,2422.0
20.35,1.5999999999999996,2227.0
20.35,1.5,2057.0
20.35,1.4000000000000004,1915.0
20.35,1.3000000000000007,1645.0
20.35,1.1999999999999993,1396.0
20.35,1.0999999999999996,1256.0
20.35,1.0,1102.0
20.35,0.9000000000000004,953.0
20.35,0.8000000000000007,764.0
20.35,0.6999999999999993,738.0
20.35,0.5999999999999996,563.0
20.35,0.5,423.0
20.35,0.40000000000000036,338.0
20.35,0.3000000000000007,274.0
20.35,0.1999999999999993,159.0
20.35,0.09999999999999964,96.0
20.4,0.0,34.0
20.4,-0.09999999999999964,-35.0
20.4,3.0,4221.0
20.4,2.9000000000000004,4061.0
20.4,2.8,3936.0
20.4,2.7,3740.0
20.4,2.5999999999999996,3578.0
20.4,2.5,3375.0
20.4,2.4000000000000004,3223.0
20.4,2.3,3120.0
20.4,2.2,3094.0
20.4,2.0999999999999996,2991.0
20.4,2.0,2853.0
20.4,1.9000000000000004,2716.0
20.4,1.8000000000000007,2475.0
20.4,1.6999999999999993,2309.0
20.4,1.5999999999999996,2158.0
20.4,1.5,2012.0
20.4,1.4000000000000004,1823.0
20.4,1.3000000000000007,1614.0
20.4,1.1999999999999993,1392.0
20.4,1.0999999999999996,1339.0
20.4,1.0,1109.0
20.4,0.9000000000000004,1016.0
20.4,0.8000000000000007,876.0
20.4,0.6999999999999993,733.0
20.4,0.5999999999999996,594.0
20.4,0.5,524.0
20.4,0.40000000000000036,384.0
20.4,0.3000000000000007,252.0
20.4,0.1999999999999993,159.0
20.4,0.09999999999999964,71.0
20.45,0.0,12.0
20.45,-0.09999999999999964,-47.0
20.45,3.0,4233.0
20.45,2.9000000000000004,3927.0
20.45,2.8,3945.0
20.45,2.7,3786.0
20.45,2.5999999999999996,3451.0
20.45,2.5,3263.0
20.45,2.4000000000000004,3182.0
20.45,2.3,3127.0
20.45,2.2,3154.0
20.45,2.0999999999999996,2938.0
20.45,2.0,2812.0
20.45,1.9000000000000004,2673.0
20.45,1.8000000000000007,2452.0
20.45,1.6999999999999993,2448.0
20.45,1.5999999999999996,2253.0
20.45,1.5,2129.0
20.45,1.4000000000000004,1909.0
20.45,1.3000000000000007,1602.0
20.45,1.1999999999999993,1480.0
20.45,1.0999999999999996,1312.0
20.45,1.0,1161.0
20.45,0.9000000000000004,1047.0
20.45,0.8000000000000007,860.0
20.45,0.6999999999999993,741.0
20.45,0.5999999999999996,595.0
20.45,0.5,469.0
20.45,0.40000000000000036,347.0
20.45,0.3000000000000007,275.0
20.45,0.1999999999999993,149.0
20.45,0.09999999999999964,77.0
20.5,0.0,11.0
20.5,-0.09999999999999964,-43.0
20.5,3.0,4292.0
20.5,2.9000000000000004,3923.0
20.5,2.8,3886.0
20.5,2.7,3688.0
20.5,2.5999999999999996,3588.0
20.5,2.5,3349.0
20.5,2.4000000000000004,3232.0
20.5,2.3,3192.0
20.5,2.2,3083.0
20.5,2.0999999999999996,2967.0
20.5,2.0,2867.0
20.5,1.9000000000000004,2733.0
20.5,1.8000000000000007,2365.0
20.5,1.6999999999999993,2304.0
20.5,1.5999999999999996,2184.0
20.5,1.5,2109.0
20.5,1.4000000000000004,1838.0
20.5,1.3000000000000007,1669.0
20.5,1.1999999999999993,1398.0
20.5,1.0999999999999996,1300.0
20.5,1.0,1052.0
20.5,0.9000000000000004,1013.0
20.5,0.8000000000000007,809.0
20.5,0.6999999999999993,723.0
20.5,0.5999999999999996,600.0
20.5,0.5,471.0
20.5,0.40000000000000036,400.0
20.5,0.3000000000000007,263.0
20.5,0.1999999999999993,163.0
20.5,0.09999999999999964,61.0
20.55,0.0,11.0
20.55,-0.09999999999999964,-53.0
20.55,3.0,4358.0
20.55,2.9000000000000004,4085.0
20.55,2.8,3975.0
20.55,2.7,3727.0
20.55,2.5999999999999996,3505.0
20.55,2.5,3311.0
20.55,2.4000000000000004,3350.0
20.55,2.3,3175.0
20.55,2.2,3117.0
20.55,2.0999999999999996,2912.0
20.55,2.0,2806.0
20.55,1.9000000000000004,2641.0
20.55,1.8000000000000007,2614.0
20.55,1.6999999999999993,2382.0
20.55,1.5999999999999996,2261.0
20.55,1.5,2097.0
20.55,1.4000000000000004,1983.0
20.55,1.3000000000000007,1585.0
20.55,1.1999999999999993,1453.0
20.55,1.0999999999999996,1317.0
20.55,1.0,1129.0
20.55,0.9000000000000004,991.0
20.55,0.8000000000000007,909.0
20.55,0.6999999999999993,729.0
20.55,0.5999999999999996,575.0
20.55,0.5,504.0
20.55,0.40000000000000036,378.0
20.55,0.3000000000000007,230.0
20.55,0.1999999999999993,192.0
20.55,0.09999999999999964,90.0
20.6,0.0,6.0
20.6,-0.09999999999999964,-41.0
20.6,3.0,4295.0
20.6,2.9000000000000004,4017.0
20.6,2.8,3963.0
20.6,2.7,3753.0
20.6,2.5999999999999996,3507.0
20.6,2.5,3255.0
20.6,2.4000000000000004,3173.0
20.6,2.3,3199.0
20.6,2.2,3216.0
20.6,2.0999999999999996,3033.0
20.6,2.0,2839.0
20.6,1.9000000000000004,2749.0
20.6,1.8000000000000007,2632.0
20.6,1.6999999999999993,2385.0
20.6,1.5999999999999996,2254.0
20.6,1.5,2088.0
20.6,1.4000000000000004,1901.0
20.6,1.3000000000000007,1580.0
20.6,1.1999999999999993,1486.0
20.6,1.0999999999999996,1185.0
20.6,1.0,1158.0
20.6,0.9000000000000004,1024.0
20.6,0.8000000000000007,850.0
20.6,0.6999999999999993,703.0
20.6,0.5999999999999996,581.0
20.6,0.5,462.0
20.6,0.40000000000000036,387.0
20.6,0.3000000000000007,231.0
20.6,0.1999999999999993,159.0
20.6,0.09999999999999964,78.0
20.65,0.0,-8.0
20.65,-0.09999999999999964,-59.0
20.65,3.0,4230.0
20.65,2.9000000000000004,4167.0
20.65,2.8,3903.0
20.65,2.7,3743.0
20.65,2.5999999999999996,3625.0
20.65,2.5,3530.0
20.65,2.4000000000000004,3328.0
20.65,2.3,3084.0
20.65,2.2,3158.0
20.65,2.0999999999999996,3113.0
20.65,2.0,2924.0
20.65,1.9000000000000004,2609.0
20.65,1.8000000000000007,2455.0
20.65,1.6999999999999993,2342.0
20.65,1.5999999999999996,2212.0
20.65,1.5,2093.0
20.65,1.4000000000000004,1831.0
20.65,1.3000000000000007,1679.0
20.65,1.1999999999999993,1498.0
20.65,1.0999999999999996,1294.0
20.65,1.0,1127.0
20.65,0.9000000000000004,1002.0
20.65,0.8000000000000007,863.0
20.65,0.6999999999999993,708.0
20.65,0.5999999999999996,543.0
20.65,0.5,510.0
20.65,0.40000000000000036,359.0
20.65,0.3000000000000007,269.0
20.65,0.1999999999999993,144.0
20.65,0.09999999999999964,91.0
20.7,0.0,9.0
20.7,-0.09999999999999964,-46.0
20.7,3.0,4175.0
20.7,2.9000000000000004,4123.0
20.7,2.8,3880.0
20.7,2.7,3781.0
20.7,2.5999999999999996,3449.0
20.7,2.5,3344.0
20.7,2.4000000000000004,3262.0
20.7,2.3,3120.0
20.7,2.2,3054.0
20.7,2.0999999999999996,2967.0
20.7,2.0,2820.0
20.7,1.9000000000000004,2748.0
20.7,1.8000000000000007,2516.0
20.7,1.6999999999999993,2262.0
20.7,1.5999999999999996,2276.0
20.7,1.5,2093.0
20.7,1.4000000000000004,1924.0
20.7,1.3000000000000007,1624.0
20.7,1.1999999999999993,1443.0
20.7,1.0999999999999996,1262.0
20.7,1.0,1099.0
20.7,0.9000000000000004,932.0
20.7,0.8000000000000007,867.0
20.7,0.6999999999999993,770.0
20.7,0.5999999999999996,602.0
20.7,0.5,486.0
20.7,0.40000000000000036,424.0
20.7,0.3000000000000007,233.0
20.7,0.1999999999999993,155.0
20.7,0.09999999999999964,84.0
20.75,0.0,11.0
20.75,-0.09999999999999964,-57.0
20.75,3.0,4204.0
20.75,2.9000000000000004,4150.0
20.75,2.8,3979.0
20.75,2.7,3853.0
20.75,2.5999999999999996,3567.0
20.75,2.5,3431.0
20.75,2.4000000000000004,3221.0
20.75,2.3,3190.0
20.75,2.2,3081.0
20.75,2.0999999999999996,3036.0
20.75,2.0,2804.0
20.75,1.9000000000000004,2796.0
20.75,1.8000000000000007,2512.0
20.75,1.6999999999999993,2357.0
20.75,1.5999999999999996,2201.0
20.75,1.5,1991.0
20.75,1.4000000000000004,1848.0
20.75,1.3000000000000007,1669.0
20.75,1.1999999999999993,1427.0
20.75,1.0999999999999996,1243.0
20.75,1.0,1125.0
20.75,0.9000000000000004,1017.0
20.75,0.8000000000000007,889.0
20.75,0.6999999999999993,726.0
20.75,0.5999999999999996,601.0
20.75,0.5,523.0
20.75,0.40000000000000036,357.0
20.75,0.3000000000000007,255.0
20.75,0.1999999999999993,139.0
20.75,0.09999999999999964,75.0
20.8,0.0,15.0
20.8,-0.09999999999999964,-45.0
20.8,3.0,4289.0
20.8,2.9000000000000004,4188.0
20.8,2.8,3810.0
20.8,2.7,3629.0
20.8,2.5999999999999996,3553.0
20.8,2.5,3419.0
20.8,2.4000000000000004,3241.0
20.8,2.3,3210.0
20.8,2.2,3100.0
20.8,2.0999999999999996,2950.0
20.8,2.0,2923.0
20.8,1.9000000000000004,2739.0
20.8,1.8000000000000007,2612.0
20.8,1.6999999999999993,2394.0
20.8,1.5999999999999996,2198.0
20.8,1.5,2032.0
20.8,1.4000000000000004,1793.0
20.8,1.3000000000000007,1627.0
20.8,1.1999999999999993,1439.0
20.8,1.0999999999999996,1276.0
20.8,1.0,1071.0
20.8,0.9000000000000004,961.0
20.8,0.8000000000000007,846.0
20.8,0.6999999999999993,738.0
20.8,0.5999999999999996,575.0
20.8,0.5,489.0
20.8,0.40000000000000036,385.0
20.8,0.3000000000000007,272.0
20.8,0.1999999999999993,173.0
20.8,0.09999999999999964,79.0
20.85,0.0,13.0
20.85,-0.09999999999999964,-48.0
20.85,3.0,4265.0
20.85,2.9000000000000004,4181.0
20.85,2.8,3980.0
20.85,2.7,3741.0
20.85,2.5999999999999996,3454.0
20.85,2.5,3297.0
20.85,2.4000000000000004,3364.0
20.85,2.3,3175.0
20.85,2.2,3154.0
20.85,2.0999999999999996,2916.0
20.85,2.0,2907.0
20.85,1.9000000000000004,2777.0
20.85,1.8000000000000007,2449.0
20.85,1.6999999999999993,2362.0
20.85,1.5999999999999996,2250.0
20.85,1.5,2071.0
20.85,1.4000000000000004,1874.0
20.85,1.3000000000000007,1589.0
20.85,1.1999999999999993,1383.0
20.85,1.0999999999999996,1276.0
20.85,1.0,1100.0
20.85,0.9000000000000004,1011.0
20.85,0.8000000000000007,853.0
20.85,0.6999999999999993,738.0
20.85,0.5999999999999996,616.0
20.85,0.5,515.0
20.85,0.40000000000000036,365.0
20.85,0.3000000000000007,261.0
20.85,0.1999999999999993,119.0
20.85,0.09999999999999964,64.0
20.9,0.0,15.0
20.9,-0.09999999999999964,-54.0
20.9,3.0,4241.0
20.9,2.9000000000000004,3963.0
20.9,2.8,3905.0
20.9,2.7,3694.0
20.9,2.5999999999999996,3518.0
20.9,2.5,3397.0
20.9,2.4000000000000004,3282.0
20.9,2.3,3078.0
20.9,2.2,3179.0
20.9,2.0999999999999996,3076.0
20.9,2.0,2861.0
20.9,1.9000000000000004,2739.0
20.9,1.8000000000000007,2518.0
20.9,1.6999999999999993,2337.0
20.9,1.5999999999999996,2270.0
20.9,1.5,2052.0
20.9,1.4000000000000004,1729.0
20.9,1.3000000000000007,1659.0
20.9,1.1999999999999993,1498.0
20.9,1.0999999999999996,1274.0
20.9,1.0,1153.0
20.9,0.9000000000000004,962.0
20.9,0.8000000000000007,795.0
20.9,0.6999999999999993,769.0
20.9,0.5999999999999996,617.0
20.9,0.5,533.0
20.9,0.40000000000000036,374.0
20.9,0.3000000000000007,288.0
20.9,0.1999999999999993,184.0
20.9,0.09999999999999964,100.0
20.95,0.0,25.0
20.95,-0.09999999999999964,-43.0
20.95,3.0,4238.0
20.95,2.9000000000000004,4078.0
20.95,2.8,3865.0
20.95,2.7,3859.0
20.95,2.5999999999999996,3518.0
20.95,2.5,3336.0
20.95,2.4000000000000004,3235.0
20.95,2.3,3205.0
20.95,2.2,3071.0
20.95,2.0999999999999996,3075.0
20.95,2.0,2848.0
20.95,1.9000000000000004,2729.0
20.95,1.8000000000000007,2614.0
20.95,1.6999999999999993,2343.0
20.95,1.5999999999999996,2268.0
20.95,1.5,2154.0
20.95,1.4000000000000004,1744.0
20.95,1.3000000000000007,1583.0
20.95,1.1999999999999993,1438.0
20.95,1.0999999999999996,1225.0
20.95,1.0,1157.0
20.95,0.9000000000000004,987.0
20.95,0.8000000000000007,878.0
20.95,0.6999999999999993,678.0
20.95,0.5999999999999996,604.0
20.95,0.5,477.0
20.95,0.40000000000000036,371.0
20.95,0.3000000000000007,248.0
20.95,0.1999999999999993,156.0
20.95,0.09999999999999964,71.0
